Source,Target,Type,origem,weight_instagram,weight_tiktok,weight_rel_instagram,weight_rel_tiktok,Weight,weight_total_bruta
01,171,Undirected,instagram,1,0,0.32,0.0,0.32,1
01,244,Undirected,instagram,2,0,0.64,0.0,0.64,2
01,7,Undirected,instagram,2,0,0.64,0.0,0.64,2
01,buzeira,Undirected,instagram,1,0,0.32,0.0,0.32,1
01,estelionato,Undirected,instagram,1,0,0.32,0.0,0.32,1
01,estilo,Undirected,instagram,4,0,1.28,0.0,1.28,4
01,explore,Undirected,instagram,2,0,0.64,0.0,0.64,2
01,funk,Undirected,instagram,1,0,0.32,0.0,0.32,1
01,fyp,Undirected,instagram,8,0,2.559,0.0,2.559,8
01,grauderua,Undirected,instagram,2,0,0.64,0.0,0.64,2
01,happynation,Undirected,instagram,1,0,0.32,0.0,0.32,1
01,milionario,Undirected,instagram,1,0,0.32,0.0,0.32,1
01,raul,Undirected,instagram,6,0,1.919,0.0,1.919,6
01,reels,Undirected,instagram,1,0,0.32,0.0,0.32,1
01,tropado7,Undirected,instagram,4,0,1.28,0.0,1.28,4
01,viral,Undirected,instagram,1,0,0.32,0.0,0.32,1
171,244,Undirected,instagram,1,0,0.32,0.0,0.32,1
171,7,Undirected,ambas,45,22,14.395,12.666,13.53,67
171,77,Undirected,instagram,1,0,0.32,0.0,0.32,1
171,777,Undirected,ambas,12,7,3.839,4.03,3.934,19
171,advocacia,Undirected,instagram,4,0,1.28,0.0,1.28,4
171,advocaciacriminal,Undirected,instagram,1,0,0.32,0.0,0.32,1
171,alerta,Undirected,instagram,1,0,0.32,0.0,0.32,1
171,amigos,Undirected,instagram,1,0,0.32,0.0,0.32,1
171,bigode,Undirected,ambas,13,3,4.159,1.727,2.943,16
171,bitcoin,Undirected,instagram,1,0,0.32,0.0,0.32,1
171,blackhat,Undirected,instagram,17,0,5.438,0.0,5.438,17
171,brasil,Undirected,ambas,5,4,1.599,2.303,1.951,9
171,brazil,Undirected,instagram,7,0,2.239,0.0,2.239,7
171,buzeira,Undirected,instagram,2,0,0.64,0.0,0.64,2
171,cartaoclonado,Undirected,ambas,34,4,10.877,2.303,6.59,38
171,cassino,Undirected,instagram,17,0,5.438,0.0,5.438,17
171,cc,Undirected,ambas,27,15,8.637,8.636,8.636,42
171,consultavel,Undirected,instagram,1,0,0.32,0.0,0.32,1
171,crime,Undirected,ambas,2,3,0.64,1.727,1.183,5
171,digital,Undirected,instagram,4,0,1.28,0.0,1.28,4
171,dinheiro,Undirected,ambas,60,25,19.194,14.393,16.794,85
171,dinheiroextra,Undirected,instagram,29,0,9.277,0.0,9.277,29
171,dinheiroonline,Undirected,ambas,51,2,16.315,1.151,8.733,53
171,direito,Undirected,ambas,6,1,1.919,0.576,1.248,7
171,dropshipping,Undirected,instagram,6,0,1.919,0.0,1.919,6
171,emocionante,Undirected,instagram,1,0,0.32,0.0,0.32,1
171,empreendedorismo,Undirected,instagram,4,0,1.28,0.0,1.28,4
171,enriquecer,Undirected,instagram,17,0,5.438,0.0,5.438,17
171,estelionatario,Undirected,ambas,100,29,31.99,16.695,24.343,129
171,estelionato,Undirected,ambas,99,62,31.67,35.694,33.682,161
171,estilo,Undirected,ambas,17,1,5.438,0.576,3.007,18
171,estudo,Undirected,instagram,17,0,5.438,0.0,5.438,17
171,explore,Undirected,ambas,56,6,17.914,3.454,10.684,62
171,fly,Undirected,instagram,11,0,3.519,0.0,3.519,11
171,frases,Undirected,ambas,5,5,1.599,2.879,2.239,10
171,fraude,Undirected,instagram,1,0,0.32,0.0,0.32,1
171,funk,Undirected,ambas,6,3,1.919,1.727,1.823,9
171,fyp,Undirected,ambas,114,78,36.468,44.905,40.687,192
171,golpe,Undirected,ambas,34,13,10.877,7.484,9.181,47
171,golpedopix,Undirected,instagram,2,0,0.64,0.0,0.64,2
171,grauderua,Undirected,instagram,1,0,0.32,0.0,0.32,1
171,happynation,Undirected,ambas,6,4,1.919,2.303,2.111,10
171,humor,Undirected,ambas,18,3,5.758,1.727,3.743,21
171,laranja,Undirected,ambas,11,4,3.519,2.303,2.911,15
171,lavagemdedinheiro,Undirected,instagram,4,0,1.28,0.0,1.28,4
171,luxo,Undirected,tiktok,0,3,0.0,1.727,1.727,3
171,mandrake,Undirected,instagram,3,0,0.96,0.0,0.96,3
171,marketingdigital,Undirected,instagram,40,0,12.796,0.0,12.796,40
171,mckelvinho,Undirected,tiktok,0,2,0.0,1.151,1.151,2
171,meme,Undirected,ambas,31,5,9.917,2.879,6.398,36
171,metodo,Undirected,instagram,17,0,5.438,0.0,5.438,17
171,milionario,Undirected,ambas,5,2,1.599,1.151,1.375,7
171,motivational,Undirected,instagram,17,0,5.438,0.0,5.438,17
171,mudancadehabito,Undirected,instagram,17,0,5.438,0.0,5.438,17
171,mulherdepreso,Undirected,tiktok,0,5,0.0,2.879,2.879,5
171,musica,Undirected,ambas,1,8,0.32,4.606,2.463,9
171,nf,Undirected,instagram,5,0,1.599,0.0,1.599,5
171,nike,Undirected,instagram,2,0,0.64,0.0,0.64,2
171,ninoabravanel,Undirected,ambas,2,4,0.64,2.303,1.472,6
171,pix,Undirected,instagram,1,0,0.32,0.0,0.32,1
171,plano,Undirected,instagram,17,0,5.438,0.0,5.438,17
171,podcast,Undirected,instagram,4,0,1.28,0.0,1.28,4
171,policia,Undirected,tiktok,0,1,0.0,0.576,0.576,1
171,raul,Undirected,ambas,63,30,20.154,17.271,18.712,93
171,raulbigode,Undirected,instagram,2,0,0.64,0.0,0.64,2
171,reels,Undirected,instagram,31,0,9.917,0.0,9.917,31
171,rico,Undirected,ambas,1,1,0.32,0.576,0.448,2
171,roubo,Undirected,instagram,3,0,0.96,0.0,0.96,3
171,ruyter,Undirected,tiktok,0,2,0.0,1.151,1.151,2
171,status,Undirected,tiktok,0,2,0.0,1.151,1.151,2
171,sucesso,Undirected,ambas,21,1,6.718,0.576,3.647,22
171,trampo,Undirected,instagram,22,0,7.038,0.0,7.038,22
171,tropado7,Undirected,ambas,61,20,19.514,11.514,15.514,81
171,vendas,Undirected,instagram,1,0,0.32,0.0,0.32,1
171,viral,Undirected,ambas,88,27,28.151,15.544,21.848,115
2025,7,Undirected,instagram,1,0,0.32,0.0,0.32,1
2025,dinheiro,Undirected,instagram,3,0,0.96,0.0,0.96,3
2025,empreendedorismo,Undirected,instagram,2,0,0.64,0.0,0.64,2
2025,explore,Undirected,instagram,3,0,0.96,0.0,0.96,3
2025,frases,Undirected,instagram,1,0,0.32,0.0,0.32,1
2025,fyp,Undirected,instagram,4,0,1.28,0.0,1.28,4
2025,happynation,Undirected,instagram,8,0,2.559,0.0,2.559,8
2025,lifestyle,Undirected,instagram,1,0,0.32,0.0,0.32,1
2025,luxo,Undirected,instagram,2,0,0.64,0.0,0.64,2
2025,marketingdigital,Undirected,instagram,1,0,0.32,0.0,0.32,1
2025,milionario,Undirected,instagram,1,0,0.32,0.0,0.32,1
2025,motivational,Undirected,instagram,2,0,0.64,0.0,0.64,2
2025,raul,Undirected,instagram,2,0,0.64,0.0,0.64,2
2025,rico,Undirected,instagram,1,0,0.32,0.0,0.32,1
2025,sucesso,Undirected,instagram,2,0,0.64,0.0,0.64,2
2025,tropado7,Undirected,instagram,1,0,0.32,0.0,0.32,1
2025,viral,Undirected,instagram,3,0,0.96,0.0,0.96,3
244,7,Undirected,instagram,2,0,0.64,0.0,0.64,2
244,audi,Undirected,instagram,12,0,3.839,0.0,3.839,12
244,bmwmoto,Undirected,instagram,13,0,4.159,0.0,4.159,13
244,estelionato,Undirected,instagram,3,0,0.96,0.0,0.96,3
244,explore,Undirected,instagram,17,0,5.438,0.0,5.438,17
244,fyp,Undirected,instagram,19,0,6.078,0.0,6.078,19
244,grauderua,Undirected,instagram,6,0,1.919,0.0,1.919,6
244,humor,Undirected,instagram,16,0,5.118,0.0,5.118,16
244,instagram,Undirected,instagram,16,0,5.118,0.0,5.118,16
244,lifestyle,Undirected,instagram,16,0,5.118,0.0,5.118,16
244,lv,Undirected,instagram,2,0,0.64,0.0,0.64,2
244,mandrake,Undirected,instagram,2,0,0.64,0.0,0.64,2
244,meme,Undirected,instagram,16,0,5.118,0.0,5.118,16
244,raul,Undirected,instagram,6,0,1.919,0.0,1.919,6
244,reels,Undirected,instagram,16,0,5.118,0.0,5.118,16
244,tiktok,Undirected,instagram,16,0,5.118,0.0,5.118,16
244,tropado7,Undirected,instagram,2,0,0.64,0.0,0.64,2
244,viral,Undirected,instagram,17,0,5.438,0.0,5.438,17
333,777,Undirected,instagram,78,0,24.952,0.0,24.952,78
333,brasil,Undirected,instagram,75,0,23.992,0.0,23.992,75
333,fyp,Undirected,instagram,78,0,24.952,0.0,24.952,78
333,happynation,Undirected,instagram,79,0,25.272,0.0,25.272,79
333,lifestyle,Undirected,instagram,78,0,24.952,0.0,24.952,78
333,marketingdigital,Undirected,instagram,79,0,25.272,0.0,25.272,79
333,mindset,Undirected,instagram,79,0,25.272,0.0,25.272,79
333,sucesso,Undirected,instagram,79,0,25.272,0.0,25.272,79
7,777,Undirected,ambas,14,11,4.479,6.333,5.406,25
7,advocacia,Undirected,instagram,1,0,0.32,0.0,0.32,1
7,amigos,Undirected,instagram,4,0,1.28,0.0,1.28,4
7,bigode,Undirected,ambas,7,2,2.239,1.151,1.695,9
7,bilionario,Undirected,instagram,1,0,0.32,0.0,0.32,1
7,bitcoin,Undirected,instagram,4,0,1.28,0.0,1.28,4
7,blackhat,Undirected,instagram,6,0,1.919,0.0,1.919,6
7,brasil,Undirected,instagram,1,0,0.32,0.0,0.32,1
7,buzeira,Undirected,ambas,2,1,0.64,0.576,0.608,3
7,cartaoclonado,Undirected,instagram,17,0,5.438,0.0,5.438,17
7,casa,Undirected,tiktok,0,1,0.0,0.576,0.576,1
7,cassino,Undirected,instagram,19,0,6.078,0.0,6.078,19
7,cc,Undirected,ambas,24,13,7.678,7.484,7.581,37
7,consultavel,Undirected,instagram,4,0,1.28,0.0,1.28,4
7,crime,Undirected,instagram,1,0,0.32,0.0,0.32,1
7,digital,Undirected,instagram,3,0,0.96,0.0,0.96,3
7,dinheiro,Undirected,ambas,51,23,16.315,13.241,14.778,74
7,dinheiroextra,Undirected,instagram,15,0,4.798,0.0,4.798,15
7,dinheiroonline,Undirected,instagram,32,0,10.237,0.0,10.237,32
7,direito,Undirected,instagram,1,0,0.32,0.0,0.32,1
7,dropshipping,Undirected,instagram,5,0,1.599,0.0,1.599,5
7,emocionante,Undirected,instagram,2,0,0.64,0.0,0.64,2
7,enriquecer,Undirected,instagram,17,0,5.438,0.0,5.438,17
7,estelionatario,Undirected,ambas,52,23,16.635,13.241,14.938,75
7,estelionato,Undirected,ambas,64,77,20.473,44.329,32.401,141
7,explore,Undirected,ambas,32,3,10.237,1.727,5.982,35
7,fly,Undirected,instagram,1,0,0.32,0.0,0.32,1
7,frases,Undirected,ambas,1,1,0.32,0.576,0.448,2
7,freefire,Undirected,instagram,1,0,0.32,0.0,0.32,1
7,funk,Undirected,ambas,4,1,1.28,0.576,0.928,5
7,fyp,Undirected,ambas,75,62,23.992,35.694,29.843,137
7,golpe,Undirected,ambas,22,10,7.038,5.757,6.397,32
7,grauderua,Undirected,instagram,2,0,0.64,0.0,0.64,2
7,happynation,Undirected,ambas,6,2,1.919,1.151,1.535,8
7,humor,Undirected,instagram,17,0,5.438,0.0,5.438,17
7,instagram,Undirected,instagram,1,0,0.32,0.0,0.32,1
7,laranja,Undirected,ambas,7,1,2.239,0.576,1.407,8
7,lavagemdedinheiro,Undirected,instagram,3,0,0.96,0.0,0.96,3
7,luxo,Undirected,ambas,1,2,0.32,1.151,0.736,3
7,mandrake,Undirected,instagram,8,0,2.559,0.0,2.559,8
7,marketingdigital,Undirected,instagram,11,0,3.519,0.0,3.519,11
7,mckelvinho,Undirected,tiktok,0,9,0.0,5.181,5.181,9
7,meme,Undirected,instagram,24,0,7.678,0.0,7.678,24
7,metodo,Undirected,instagram,17,0,5.438,0.0,5.438,17
7,midia,Undirected,tiktok,0,2,0.0,1.151,1.151,2
7,milionario,Undirected,ambas,1,1,0.32,0.576,0.448,2
7,mulherdepreso,Undirected,tiktok,0,3,0.0,1.727,1.727,3
7,musica,Undirected,tiktok,0,2,0.0,1.151,1.151,2
7,nf,Undirected,instagram,8,0,2.559,0.0,2.559,8
7,ninoabravanel,Undirected,ambas,1,4,0.32,2.303,1.311,5
7,paz,Undirected,instagram,1,0,0.32,0.0,0.32,1
7,pessoas,Undirected,instagram,4,0,1.28,0.0,1.28,4
7,plano,Undirected,instagram,17,0,5.438,0.0,5.438,17
7,raul,Undirected,ambas,64,27,20.473,15.544,18.008,91
7,reels,Undirected,instagram,29,0,9.277,0.0,9.277,29
7,rico,Undirected,ambas,1,1,0.32,0.576,0.448,2
7,roubo,Undirected,instagram,2,0,0.64,0.0,0.64,2
7,ruyter,Undirected,instagram,2,0,0.64,0.0,0.64,2
7,sucesso,Undirected,instagram,22,0,7.038,0.0,7.038,22
7,tiktok,Undirected,ambas,2,2,0.64,1.151,0.895,4
7,trampo,Undirected,instagram,24,0,7.678,0.0,7.678,24
7,tropado7,Undirected,ambas,55,15,17.594,8.636,13.115,70
7,vendas,Undirected,instagram,10,0,3.199,0.0,3.199,10
7,viral,Undirected,ambas,48,32,15.355,18.423,16.889,80
77,777,Undirected,instagram,8,0,2.559,0.0,2.559,8
77,estelionato,Undirected,instagram,1,0,0.32,0.0,0.32,1
77,freefire,Undirected,instagram,9,0,2.879,0.0,2.879,9
77,tropado7,Undirected,instagram,9,0,2.879,0.0,2.879,9
777,bigode,Undirected,ambas,10,2,3.199,1.151,2.175,12
777,bitcoin,Undirected,instagram,1,0,0.32,0.0,0.32,1
777,blackhat,Undirected,instagram,3,0,0.96,0.0,0.96,3
777,brasil,Undirected,instagram,77,0,24.632,0.0,24.632,77
777,buzeira,Undirected,tiktok,0,1,0.0,0.576,0.576,1
777,cartaoclonado,Undirected,ambas,9,1,2.879,0.576,1.728,10
777,cassino,Undirected,instagram,2,0,0.64,0.0,0.64,2
777,cc,Undirected,ambas,3,2,0.96,1.151,1.055,5
777,digital,Undirected,instagram,2,0,0.64,0.0,0.64,2
777,dinheiro,Undirected,ambas,12,15,3.839,8.636,6.237,27
777,dinheiroextra,Undirected,instagram,5,0,1.599,0.0,1.599,5
777,dinheiroonline,Undirected,ambas,4,1,1.28,0.576,0.928,5
777,dropshipping,Undirected,instagram,3,0,0.96,0.0,0.96,3
777,estelionatario,Undirected,ambas,9,14,2.879,8.06,5.47,23
777,estelionato,Undirected,ambas,21,31,6.718,17.847,12.283,52
777,explore,Undirected,ambas,7,4,2.239,2.303,2.271,11
777,fashion,Undirected,instagram,2,0,0.64,0.0,0.64,2
777,fly,Undirected,instagram,1,0,0.32,0.0,0.32,1
777,frases,Undirected,tiktok,0,4,0.0,2.303,2.303,4
777,freefire,Undirected,instagram,9,0,2.879,0.0,2.879,9
777,funk,Undirected,ambas,3,3,0.96,1.727,1.344,6
777,fyp,Undirected,ambas,113,27,36.148,15.544,25.846,140
777,golpe,Undirected,ambas,3,2,0.96,1.151,1.055,5
777,happynation,Undirected,ambas,91,3,29.111,1.727,15.419,94
777,humor,Undirected,instagram,3,0,0.96,0.0,0.96,3
777,instagram,Undirected,instagram,3,0,0.96,0.0,0.96,3
777,laranja,Undirected,instagram,1,0,0.32,0.0,0.32,1
777,lavagemdedinheiro,Undirected,instagram,1,0,0.32,0.0,0.32,1
777,lifestyle,Undirected,instagram,87,0,27.831,0.0,27.831,87
777,marketingdigital,Undirected,instagram,94,0,30.07,0.0,30.07,94
777,mckelvinho,Undirected,tiktok,0,1,0.0,0.576,0.576,1
777,meme,Undirected,ambas,4,1,1.28,0.576,0.928,5
777,metodo,Undirected,instagram,1,0,0.32,0.0,0.32,1
777,midia,Undirected,tiktok,0,1,0.0,0.576,0.576,1
777,mindset,Undirected,instagram,79,0,25.272,0.0,25.272,79
777,motivational,Undirected,tiktok,0,3,0.0,1.727,1.727,3
777,mulherdepreso,Undirected,tiktok,0,2,0.0,1.151,1.151,2
777,musica,Undirected,tiktok,0,1,0.0,0.576,0.576,1
777,ninoabravanel,Undirected,tiktok,0,2,0.0,1.151,1.151,2
777,raul,Undirected,ambas,25,9,7.997,5.181,6.589,34
777,raulbigode,Undirected,instagram,2,0,0.64,0.0,0.64,2
777,reels,Undirected,instagram,11,0,3.519,0.0,3.519,11
777,rico,Undirected,tiktok,0,3,0.0,1.727,1.727,3
777,roubo,Undirected,instagram,1,0,0.32,0.0,0.32,1
777,ruyter,Undirected,instagram,1,0,0.32,0.0,0.32,1
777,sucesso,Undirected,instagram,79,0,25.272,0.0,25.272,79
777,tiktok,Undirected,tiktok,0,3,0.0,1.727,1.727,3
777,tropado7,Undirected,ambas,48,11,15.355,6.333,10.844,59
777,vendas,Undirected,instagram,2,0,0.64,0.0,0.64,2
777,viral,Undirected,ambas,19,12,6.078,6.908,6.493,31
aceofbase,explore,Undirected,instagram,3,0,0.96,0.0,0.96,3
aceofbase,fyp,Undirected,ambas,2,8,0.64,4.606,2.623,10
aceofbase,happynation,Undirected,ambas,19,20,6.078,11.514,8.796,39
aceofbase,instagood,Undirected,instagram,2,0,0.64,0.0,0.64,2
aceofbase,instagram,Undirected,instagram,1,0,0.32,0.0,0.32,1
aceofbase,musica,Undirected,ambas,9,15,2.879,8.636,5.757,24
aceofbase,reels,Undirected,instagram,2,0,0.64,0.0,0.64,2
aceofbase,trending,Undirected,ambas,4,1,1.28,0.576,0.928,5
aceofbase,viral,Undirected,ambas,4,2,1.28,1.151,1.216,6
advocacia,advocaciacriminal,Undirected,instagram,3,0,0.96,0.0,0.96,3
advocacia,alerta,Undirected,instagram,1,0,0.32,0.0,0.32,1
advocacia,brasil,Undirected,instagram,1,0,0.32,0.0,0.32,1
advocacia,crime,Undirected,instagram,5,0,1.599,0.0,1.599,5
advocacia,direito,Undirected,instagram,18,0,5.758,0.0,5.758,18
advocacia,estelionatario,Undirected,instagram,4,0,1.28,0.0,1.28,4
advocacia,estelionato,Undirected,instagram,17,0,5.438,0.0,5.438,17
advocacia,falsoadvogado,Undirected,instagram,3,0,0.96,0.0,0.96,3
advocacia,fraude,Undirected,instagram,4,0,1.28,0.0,1.28,4
advocacia,fyp,Undirected,instagram,2,0,0.64,0.0,0.64,2
advocacia,golpe,Undirected,instagram,8,0,2.559,0.0,2.559,8
advocacia,golpedopix,Undirected,instagram,1,0,0.32,0.0,0.32,1
advocacia,happynation,Undirected,instagram,2,0,0.64,0.0,0.64,2
advocacia,lavagemdedinheiro,Undirected,instagram,1,0,0.32,0.0,0.32,1
advocacia,meme,Undirected,instagram,1,0,0.32,0.0,0.32,1
advocacia,podcast,Undirected,instagram,1,0,0.32,0.0,0.32,1
advocacia,prisão,Undirected,instagram,1,0,0.32,0.0,0.32,1
advocacia,reels,Undirected,instagram,1,0,0.32,0.0,0.32,1
advocacia,roubo,Undirected,instagram,1,0,0.32,0.0,0.32,1
advocacia,tropado7,Undirected,instagram,1,0,0.32,0.0,0.32,1
advocaciacriminal,crime,Undirected,instagram,1,0,0.32,0.0,0.32,1
advocaciacriminal,direito,Undirected,instagram,14,0,4.479,0.0,4.479,14
advocaciacriminal,estelionatario,Undirected,instagram,2,0,0.64,0.0,0.64,2
advocaciacriminal,estelionato,Undirected,instagram,20,0,6.398,0.0,6.398,20
advocaciacriminal,fraude,Undirected,instagram,1,0,0.32,0.0,0.32,1
advocaciacriminal,fyp,Undirected,instagram,1,0,0.32,0.0,0.32,1
advocaciacriminal,golpedopix,Undirected,instagram,1,0,0.32,0.0,0.32,1
advocaciacriminal,happynation,Undirected,instagram,1,0,0.32,0.0,0.32,1
advocaciacriminal,lavagemdedinheiro,Undirected,instagram,7,0,2.239,0.0,2.239,7
advocaciacriminal,pix,Undirected,instagram,1,0,0.32,0.0,0.32,1
advocaciacriminal,roubo,Undirected,instagram,1,0,0.32,0.0,0.32,1
advocaciacriminal,segurançadigital,Undirected,instagram,1,0,0.32,0.0,0.32,1
advocaciacriminal,tropado7,Undirected,instagram,1,0,0.32,0.0,0.32,1
alerta,brasil,Undirected,instagram,2,0,0.64,0.0,0.64,2
alerta,brazil,Undirected,instagram,1,0,0.32,0.0,0.32,1
alerta,crime,Undirected,instagram,2,0,0.64,0.0,0.64,2
alerta,dinheiro,Undirected,instagram,1,0,0.32,0.0,0.32,1
alerta,direito,Undirected,instagram,3,0,0.96,0.0,0.96,3
alerta,empreendedorismo,Undirected,instagram,1,0,0.32,0.0,0.32,1
alerta,estelionatario,Undirected,instagram,1,0,0.32,0.0,0.32,1
alerta,estelionato,Undirected,instagram,16,0,5.118,0.0,5.118,16
alerta,fraude,Undirected,instagram,4,0,1.28,0.0,1.28,4
alerta,golpe,Undirected,instagram,9,0,2.879,0.0,2.879,9
alerta,lavagemdedinheiro,Undirected,instagram,1,0,0.32,0.0,0.32,1
alerta,musica,Undirected,instagram,1,0,0.32,0.0,0.32,1
alerta,pix,Undirected,instagram,1,0,0.32,0.0,0.32,1
alerta,policia,Undirected,instagram,1,0,0.32,0.0,0.32,1
alerta,policiacivil,Undirected,instagram,2,0,0.64,0.0,0.64,2
alerta,prisão,Undirected,instagram,1,0,0.32,0.0,0.32,1
alerta,raul,Undirected,instagram,1,0,0.32,0.0,0.32,1
alerta,segurança,Undirected,instagram,2,0,0.64,0.0,0.64,2
alerta,segurançadigital,Undirected,instagram,3,0,0.96,0.0,0.96,3
alerta,segurançapública,Undirected,instagram,1,0,0.32,0.0,0.32,1
alerta,sucesso,Undirected,instagram,1,0,0.32,0.0,0.32,1
amigos,cartaoclonado,Undirected,instagram,1,0,0.32,0.0,0.32,1
amigos,dinheiro,Undirected,instagram,26,0,8.317,0.0,8.317,26
amigos,dinheiroextra,Undirected,instagram,26,0,8.317,0.0,8.317,26
amigos,dinheiroonline,Undirected,instagram,4,0,1.28,0.0,1.28,4
amigos,estelionatario,Undirected,instagram,21,0,6.718,0.0,6.718,21
amigos,estelionato,Undirected,instagram,23,0,7.358,0.0,7.358,23
amigos,explore,Undirected,instagram,3,0,0.96,0.0,0.96,3
amigos,fyp,Undirected,instagram,3,0,0.96,0.0,0.96,3
amigos,grauderua,Undirected,instagram,1,0,0.32,0.0,0.32,1
amigos,happynation,Undirected,instagram,8,0,2.559,0.0,2.559,8
amigos,humor,Undirected,instagram,1,0,0.32,0.0,0.32,1
amigos,laranja,Undirected,instagram,1,0,0.32,0.0,0.32,1
amigos,lifestyle,Undirected,instagram,1,0,0.32,0.0,0.32,1
amigos,marketingdigital,Undirected,instagram,1,0,0.32,0.0,0.32,1
amigos,nf,Undirected,instagram,17,0,5.438,0.0,5.438,17
amigos,paz,Undirected,instagram,6,0,1.919,0.0,1.919,6
amigos,pessoas,Undirected,instagram,24,0,7.678,0.0,7.678,24
amigos,pix,Undirected,instagram,1,0,0.32,0.0,0.32,1
amigos,policia,Undirected,instagram,1,0,0.32,0.0,0.32,1
amigos,reels,Undirected,instagram,1,0,0.32,0.0,0.32,1
amigos,rico,Undirected,instagram,1,0,0.32,0.0,0.32,1
amigos,sucesso,Undirected,instagram,24,0,7.678,0.0,7.678,24
amigos,tropado7,Undirected,instagram,11,0,3.519,0.0,3.519,11
amigos,viral,Undirected,instagram,5,0,1.599,0.0,1.599,5
armani,bigode,Undirected,instagram,10,0,3.199,0.0,3.199,10
armani,calça,Undirected,instagram,2,0,0.64,0.0,0.64,2
armani,ea7,Undirected,instagram,10,0,3.199,0.0,3.199,10
armani,grife,Undirected,instagram,10,0,3.199,0.0,3.199,10
armani,kit,Undirected,instagram,4,0,1.28,0.0,1.28,4
armani,lacoste,Undirected,instagram,4,0,1.28,0.0,1.28,4
armani,lojamasculina,Undirected,instagram,14,0,4.479,0.0,4.479,14
armani,lv,Undirected,instagram,14,0,4.479,0.0,4.479,14
armani,nike,Undirected,instagram,16,0,5.118,0.0,5.118,16
armani,raul,Undirected,instagram,16,0,5.118,0.0,5.118,16
audi,bmwmoto,Undirected,instagram,9,0,2.879,0.0,2.879,9
audi,estelionato,Undirected,instagram,3,0,0.96,0.0,0.96,3
audi,explore,Undirected,instagram,12,0,3.839,0.0,3.839,12
audi,fyp,Undirected,instagram,12,0,3.839,0.0,3.839,12
audi,humor,Undirected,instagram,12,0,3.839,0.0,3.839,12
audi,instagram,Undirected,instagram,12,0,3.839,0.0,3.839,12
audi,lifestyle,Undirected,instagram,12,0,3.839,0.0,3.839,12
audi,meme,Undirected,instagram,12,0,3.839,0.0,3.839,12
audi,reels,Undirected,instagram,12,0,3.839,0.0,3.839,12
audi,tiktok,Undirected,instagram,12,0,3.839,0.0,3.839,12
audi,viral,Undirected,instagram,12,0,3.839,0.0,3.839,12
bigode,blackhat,Undirected,instagram,2,0,0.64,0.0,0.64,2
bigode,buzeira,Undirected,instagram,2,0,0.64,0.0,0.64,2
bigode,cartaoclonado,Undirected,ambas,5,1,1.599,0.576,1.087,6
bigode,cc,Undirected,tiktok,0,1,0.0,0.576,0.576,1
bigode,dinheiro,Undirected,ambas,5,3,1.599,1.727,1.663,8
bigode,dinheiroextra,Undirected,instagram,1,0,0.32,0.0,0.32,1
bigode,dinheiroonline,Undirected,instagram,2,0,0.64,0.0,0.64,2
bigode,ea7,Undirected,instagram,10,0,3.199,0.0,3.199,10
bigode,empreendedorismo,Undirected,instagram,1,0,0.32,0.0,0.32,1
bigode,enviamosparatodoobrasil,Undirected,instagram,8,0,2.559,0.0,2.559,8
bigode,estelionatario,Undirected,ambas,4,6,1.28,3.454,2.367,10
bigode,estelionato,Undirected,ambas,6,8,1.919,4.606,3.263,14
bigode,estilo,Undirected,instagram,2,0,0.64,0.0,0.64,2
bigode,explore,Undirected,ambas,10,1,3.199,0.576,1.887,11
bigode,ft,Undirected,instagram,24,0,7.678,0.0,7.678,24
bigode,funk,Undirected,tiktok,0,1,0.0,0.576,0.576,1
bigode,fyp,Undirected,ambas,30,4,9.597,2.303,5.95,34
bigode,golpe,Undirected,instagram,2,0,0.64,0.0,0.64,2
bigode,grife,Undirected,instagram,10,0,3.199,0.0,3.199,10
bigode,happynation,Undirected,instagram,2,0,0.64,0.0,0.64,2
bigode,humor,Undirected,instagram,1,0,0.32,0.0,0.32,1
bigode,kit,Undirected,instagram,24,0,7.678,0.0,7.678,24
bigode,laranja,Undirected,instagram,6,0,1.919,0.0,1.919,6
bigode,lojamasculina,Undirected,instagram,10,0,3.199,0.0,3.199,10
bigode,lv,Undirected,instagram,10,0,3.199,0.0,3.199,10
bigode,mandrake,Undirected,instagram,2,0,0.64,0.0,0.64,2
bigode,marketingdigital,Undirected,instagram,3,0,0.96,0.0,0.96,3
bigode,mckelvinho,Undirected,tiktok,0,1,0.0,0.576,0.576,1
bigode,meme,Undirected,instagram,2,0,0.64,0.0,0.64,2
bigode,midia,Undirected,instagram,2,0,0.64,0.0,0.64,2
bigode,milionario,Undirected,instagram,1,0,0.32,0.0,0.32,1
bigode,nf,Undirected,instagram,2,0,0.64,0.0,0.64,2
bigode,nike,Undirected,instagram,10,0,3.199,0.0,3.199,10
bigode,ninoabravanel,Undirected,instagram,2,0,0.64,0.0,0.64,2
bigode,pix,Undirected,instagram,1,0,0.32,0.0,0.32,1
bigode,raul,Undirected,ambas,77,12,24.632,6.908,15.77,89
bigode,reels,Undirected,instagram,1,0,0.32,0.0,0.32,1
bigode,sucesso,Undirected,instagram,1,0,0.32,0.0,0.32,1
bigode,trampo,Undirected,instagram,1,0,0.32,0.0,0.32,1
bigode,tropado7,Undirected,instagram,11,0,3.519,0.0,3.519,11
bigode,viral,Undirected,ambas,39,2,12.476,1.151,6.814,41
bilionario,buzeira,Undirected,instagram,1,0,0.32,0.0,0.32,1
bilionario,dinheiro,Undirected,ambas,7,3,2.239,1.727,1.983,10
bilionario,estilo,Undirected,tiktok,0,1,0.0,0.576,0.576,1
bilionario,fraude,Undirected,instagram,1,0,0.32,0.0,0.32,1
bilionario,fyp,Undirected,ambas,2,6,0.64,3.454,2.047,8
bilionario,golpe,Undirected,instagram,1,0,0.32,0.0,0.32,1
bilionario,happynation,Undirected,ambas,11,10,3.519,5.757,4.638,21
bilionario,luxo,Undirected,ambas,2,9,0.64,5.181,2.91,11
bilionario,marketingdigital,Undirected,instagram,3,0,0.96,0.0,0.96,3
bilionario,milionario,Undirected,instagram,3,0,0.96,0.0,0.96,3
bilionario,motivational,Undirected,tiktok,0,1,0.0,0.576,0.576,1
bilionario,musica,Undirected,instagram,1,0,0.32,0.0,0.32,1
bilionario,reels,Undirected,instagram,1,0,0.32,0.0,0.32,1
bilionario,rico,Undirected,instagram,1,0,0.32,0.0,0.32,1
bilionario,ruyter,Undirected,instagram,2,0,0.64,0.0,0.64,2
bilionario,sucesso,Undirected,tiktok,0,3,0.0,1.727,1.727,3
bilionario,viral,Undirected,ambas,2,6,0.64,3.454,2.047,8
bitcoin,blackhat,Undirected,instagram,2,0,0.64,0.0,0.64,2
bitcoin,brasil,Undirected,instagram,1,0,0.32,0.0,0.32,1
bitcoin,digital,Undirected,instagram,1,0,0.32,0.0,0.32,1
bitcoin,dinheiro,Undirected,instagram,8,0,2.559,0.0,2.559,8
bitcoin,dinheiroextra,Undirected,instagram,2,0,0.64,0.0,0.64,2
bitcoin,dinheiroonline,Undirected,instagram,4,0,1.28,0.0,1.28,4
bitcoin,dropshipping,Undirected,instagram,1,0,0.32,0.0,0.32,1
bitcoin,emocionante,Undirected,instagram,4,0,1.28,0.0,1.28,4
bitcoin,estelionatario,Undirected,instagram,2,0,0.64,0.0,0.64,2
bitcoin,estelionato,Undirected,instagram,3,0,0.96,0.0,0.96,3
bitcoin,explore,Undirected,instagram,4,0,1.28,0.0,1.28,4
bitcoin,frases,Undirected,instagram,1,0,0.32,0.0,0.32,1
bitcoin,fyp,Undirected,instagram,10,0,3.199,0.0,3.199,10
bitcoin,golpe,Undirected,instagram,3,0,0.96,0.0,0.96,3
bitcoin,happynation,Undirected,instagram,9,0,2.879,0.0,2.879,9
bitcoin,lavagemdedinheiro,Undirected,instagram,4,0,1.28,0.0,1.28,4
bitcoin,marketingdigital,Undirected,instagram,2,0,0.64,0.0,0.64,2
bitcoin,meme,Undirected,instagram,1,0,0.32,0.0,0.32,1
bitcoin,reels,Undirected,instagram,4,0,1.28,0.0,1.28,4
bitcoin,rico,Undirected,instagram,1,0,0.32,0.0,0.32,1
bitcoin,tropado7,Undirected,instagram,2,0,0.64,0.0,0.64,2
bitcoin,vendas,Undirected,instagram,2,0,0.64,0.0,0.64,2
bitcoin,viral,Undirected,instagram,10,0,3.199,0.0,3.199,10
blackhat,cartaoclonado,Undirected,instagram,1,0,0.32,0.0,0.32,1
blackhat,cc,Undirected,instagram,2,0,0.64,0.0,0.64,2
blackhat,digital,Undirected,instagram,6,0,1.919,0.0,1.919,6
blackhat,dinheiro,Undirected,instagram,1,0,0.32,0.0,0.32,1
blackhat,dinheiroextra,Undirected,instagram,7,0,2.239,0.0,2.239,7
blackhat,dropshipping,Undirected,instagram,3,0,0.96,0.0,0.96,3
blackhat,empreendedorismo,Undirected,instagram,3,0,0.96,0.0,0.96,3
blackhat,estelionatario,Undirected,instagram,16,0,5.118,0.0,5.118,16
blackhat,estelionato,Undirected,instagram,4,0,1.28,0.0,1.28,4
blackhat,explore,Undirected,instagram,4,0,1.28,0.0,1.28,4
blackhat,fly,Undirected,instagram,8,0,2.559,0.0,2.559,8
blackhat,frases,Undirected,instagram,1,0,0.32,0.0,0.32,1
blackhat,fyp,Undirected,instagram,4,0,1.28,0.0,1.28,4
blackhat,golpe,Undirected,instagram,2,0,0.64,0.0,0.64,2
blackhat,happynation,Undirected,instagram,6,0,1.919,0.0,1.919,6
blackhat,laranja,Undirected,instagram,3,0,0.96,0.0,0.96,3
blackhat,lavagemdedinheiro,Undirected,instagram,1,0,0.32,0.0,0.32,1
blackhat,marketingdigital,Undirected,instagram,19,0,6.078,0.0,6.078,19
blackhat,meme,Undirected,instagram,3,0,0.96,0.0,0.96,3
blackhat,milionario,Undirected,instagram,1,0,0.32,0.0,0.32,1
blackhat,podcast,Undirected,instagram,3,0,0.96,0.0,0.96,3
blackhat,raul,Undirected,instagram,2,0,0.64,0.0,0.64,2
blackhat,reels,Undirected,instagram,3,0,0.96,0.0,0.96,3
blackhat,sucesso,Undirected,instagram,2,0,0.64,0.0,0.64,2
blackhat,trampo,Undirected,instagram,1,0,0.32,0.0,0.32,1
blackhat,tropado7,Undirected,instagram,7,0,2.239,0.0,2.239,7
blackhat,vendas,Undirected,instagram,4,0,1.28,0.0,1.28,4
blackhat,viral,Undirected,instagram,15,0,4.798,0.0,4.798,15
bmwmoto,explore,Undirected,instagram,13,0,4.159,0.0,4.159,13
bmwmoto,fyp,Undirected,instagram,13,0,4.159,0.0,4.159,13
bmwmoto,humor,Undirected,instagram,13,0,4.159,0.0,4.159,13
bmwmoto,instagram,Undirected,instagram,13,0,4.159,0.0,4.159,13
bmwmoto,lifestyle,Undirected,instagram,13,0,4.159,0.0,4.159,13
bmwmoto,meme,Undirected,instagram,13,0,4.159,0.0,4.159,13
bmwmoto,reels,Undirected,instagram,13,0,4.159,0.0,4.159,13
bmwmoto,tiktok,Undirected,instagram,13,0,4.159,0.0,4.159,13
bmwmoto,viral,Undirected,instagram,13,0,4.159,0.0,4.159,13
brasil,brazil,Undirected,instagram,1,0,0.32,0.0,0.32,1
brasil,cc,Undirected,instagram,1,0,0.32,0.0,0.32,1
brasil,crime,Undirected,instagram,5,0,1.599,0.0,1.599,5
brasil,dinheiro,Undirected,ambas,3,1,0.96,0.576,0.768,4
brasil,direito,Undirected,instagram,2,0,0.64,0.0,0.64,2
brasil,empreendedorismo,Undirected,instagram,1,0,0.32,0.0,0.32,1
brasil,estelionatario,Undirected,instagram,7,0,2.239,0.0,2.239,7
brasil,estelionato,Undirected,ambas,13,2,4.159,1.151,2.655,15
brasil,estilo,Undirected,tiktok,0,1,0.0,0.576,0.576,1
brasil,explore,Undirected,tiktok,0,1,0.0,0.576,0.576,1
brasil,fly,Undirected,instagram,1,0,0.32,0.0,0.32,1
brasil,fraude,Undirected,instagram,1,0,0.32,0.0,0.32,1
brasil,funk,Undirected,tiktok,0,2,0.0,1.151,1.151,2
brasil,fyp,Undirected,ambas,79,7,25.272,4.03,14.651,86
brasil,golpe,Undirected,instagram,6,0,1.919,0.0,1.919,6
brasil,grauderua,Undirected,instagram,1,0,0.32,0.0,0.32,1
brasil,happynation,Undirected,ambas,84,4,26.871,2.303,14.587,88
brasil,humor,Undirected,instagram,1,0,0.32,0.0,0.32,1
brasil,instagram,Undirected,instagram,1,0,0.32,0.0,0.32,1
brasil,laranja,Undirected,instagram,1,0,0.32,0.0,0.32,1
brasil,lifestyle,Undirected,instagram,76,0,24.312,0.0,24.312,76
brasil,marketingdigital,Undirected,instagram,76,0,24.312,0.0,24.312,76
brasil,meme,Undirected,instagram,2,0,0.64,0.0,0.64,2
brasil,milionario,Undirected,tiktok,0,1,0.0,0.576,0.576,1
brasil,mindset,Undirected,instagram,76,0,24.312,0.0,24.312,76
brasil,motivational,Undirected,instagram,1,0,0.32,0.0,0.32,1
brasil,musica,Undirected,ambas,1,1,0.32,0.576,0.448,2
brasil,policia,Undirected,instagram,4,0,1.28,0.0,1.28,4
brasil,policiacivil,Undirected,instagram,3,0,0.96,0.0,0.96,3
brasil,prisão,Undirected,instagram,2,0,0.64,0.0,0.64,2
brasil,raul,Undirected,ambas,3,3,0.96,1.727,1.344,6
brasil,reels,Undirected,instagram,1,0,0.32,0.0,0.32,1
brasil,segurança,Undirected,instagram,2,0,0.64,0.0,0.64,2
brasil,segurançapública,Undirected,instagram,1,0,0.32,0.0,0.32,1
brasil,sucesso,Undirected,instagram,78,0,24.952,0.0,24.952,78
brasil,trampo,Undirected,instagram,1,0,0.32,0.0,0.32,1
brasil,tropado7,Undirected,ambas,3,2,0.96,1.151,1.055,5
brasil,viral,Undirected,ambas,6,1,1.919,0.576,1.248,7
brazil,dinheiro,Undirected,instagram,2,0,0.64,0.0,0.64,2
brazil,empreendedorismo,Undirected,instagram,1,0,0.32,0.0,0.32,1
brazil,estelionatario,Undirected,instagram,2,0,0.64,0.0,0.64,2
brazil,estelionato,Undirected,instagram,1,0,0.32,0.0,0.32,1
brazil,explore,Undirected,instagram,2,0,0.64,0.0,0.64,2
brazil,fyp,Undirected,instagram,5,0,1.599,0.0,1.599,5
brazil,golpe,Undirected,instagram,2,0,0.64,0.0,0.64,2
brazil,happynation,Undirected,instagram,1,0,0.32,0.0,0.32,1
brazil,instagram,Undirected,instagram,1,0,0.32,0.0,0.32,1
brazil,musica,Undirected,instagram,1,0,0.32,0.0,0.32,1
brazil,policia,Undirected,instagram,1,0,0.32,0.0,0.32,1
brazil,raul,Undirected,instagram,1,0,0.32,0.0,0.32,1
brazil,ruyter,Undirected,instagram,1,0,0.32,0.0,0.32,1
brazil,sucesso,Undirected,instagram,1,0,0.32,0.0,0.32,1
brazil,tropado7,Undirected,instagram,1,0,0.32,0.0,0.32,1
brazil,viral,Undirected,instagram,3,0,0.96,0.0,0.96,3
buzeira,cassino,Undirected,instagram,1,0,0.32,0.0,0.32,1
buzeira,dinheiro,Undirected,ambas,6,1,1.919,0.576,1.248,7
buzeira,dinheiroextra,Undirected,instagram,6,0,1.919,0.0,1.919,6
buzeira,dinheiroonline,Undirected,instagram,7,0,2.239,0.0,2.239,7
buzeira,emocionante,Undirected,instagram,5,0,1.599,0.0,1.599,5
buzeira,estelionatario,Undirected,instagram,2,0,0.64,0.0,0.64,2
buzeira,estelionato,Undirected,ambas,2,2,0.64,1.151,0.895,4
buzeira,explore,Undirected,ambas,8,1,2.559,0.576,1.568,9
buzeira,funk,Undirected,ambas,2,1,0.64,0.576,0.608,3
buzeira,fyp,Undirected,ambas,15,6,4.798,3.454,4.126,21
buzeira,golpe,Undirected,instagram,1,0,0.32,0.0,0.32,1
buzeira,grauderua,Undirected,instagram,4,0,1.28,0.0,1.28,4
buzeira,happynation,Undirected,ambas,17,9,5.438,5.181,5.309,26
buzeira,humor,Undirected,instagram,5,0,1.599,0.0,1.599,5
buzeira,lifestyle,Undirected,instagram,1,0,0.32,0.0,0.32,1
buzeira,marketingdigital,Undirected,instagram,1,0,0.32,0.0,0.32,1
buzeira,meme,Undirected,instagram,1,0,0.32,0.0,0.32,1
buzeira,milionario,Undirected,instagram,3,0,0.96,0.0,0.96,3
buzeira,ninoabravanel,Undirected,ambas,4,1,1.28,0.576,0.928,5
buzeira,pix,Undirected,instagram,1,0,0.32,0.0,0.32,1
buzeira,raul,Undirected,ambas,7,1,2.239,0.576,1.407,8
buzeira,reels,Undirected,instagram,7,0,2.239,0.0,2.239,7
buzeira,sucesso,Undirected,instagram,1,0,0.32,0.0,0.32,1
buzeira,trampo,Undirected,instagram,1,0,0.32,0.0,0.32,1
buzeira,tropado7,Undirected,instagram,4,0,1.28,0.0,1.28,4
buzeira,viral,Undirected,ambas,14,2,4.479,1.151,2.815,16
calça,enviamosparatodoobrasil,Undirected,instagram,2,0,0.64,0.0,0.64,2
calça,explore,Undirected,instagram,8,0,2.559,0.0,2.559,8
calça,fyp,Undirected,instagram,10,0,3.199,0.0,3.199,10
calça,nike,Undirected,instagram,10,0,3.199,0.0,3.199,10
calça,raul,Undirected,instagram,14,0,4.479,0.0,4.479,14
carro,dinheiro,Undirected,instagram,2,0,0.64,0.0,0.64,2
carro,explore,Undirected,instagram,4,0,1.28,0.0,1.28,4
carro,fyp,Undirected,instagram,4,0,1.28,0.0,1.28,4
carro,happynation,Undirected,instagram,8,0,2.559,0.0,2.559,8
carro,luxo,Undirected,instagram,1,0,0.32,0.0,0.32,1
carro,mindset,Undirected,instagram,1,0,0.32,0.0,0.32,1
carro,motivational,Undirected,instagram,1,0,0.32,0.0,0.32,1
carro,musica,Undirected,instagram,1,0,0.32,0.0,0.32,1
carro,oldmoney,Undirected,instagram,1,0,0.32,0.0,0.32,1
carro,reels,Undirected,instagram,1,0,0.32,0.0,0.32,1
carro,trending,Undirected,instagram,4,0,1.28,0.0,1.28,4
carro,viral,Undirected,instagram,5,0,1.599,0.0,1.599,5
cartaoclonado,cassino,Undirected,instagram,16,0,5.118,0.0,5.118,16
cartaoclonado,cc,Undirected,ambas,23,9,7.358,5.181,6.269,32
cartaoclonado,consultavel,Undirected,instagram,1,0,0.32,0.0,0.32,1
cartaoclonado,dinheiro,Undirected,ambas,19,1,6.078,0.576,3.327,20
cartaoclonado,dinheiroextra,Undirected,instagram,2,0,0.64,0.0,0.64,2
cartaoclonado,dinheiroonline,Undirected,instagram,16,0,5.118,0.0,5.118,16
cartaoclonado,enriquecer,Undirected,instagram,16,0,5.118,0.0,5.118,16
cartaoclonado,estelionatario,Undirected,ambas,33,4,10.557,2.303,6.43,37
cartaoclonado,estelionato,Undirected,ambas,29,3,9.277,1.727,5.502,32
cartaoclonado,explore,Undirected,instagram,18,0,5.758,0.0,5.758,18
cartaoclonado,fashion,Undirected,instagram,1,0,0.32,0.0,0.32,1
cartaoclonado,fly,Undirected,instagram,3,0,0.96,0.0,0.96,3
cartaoclonado,fyp,Undirected,ambas,31,7,9.917,4.03,6.973,38
cartaoclonado,golpe,Undirected,instagram,18,0,5.758,0.0,5.758,18
cartaoclonado,happynation,Undirected,instagram,1,0,0.32,0.0,0.32,1
cartaoclonado,humor,Undirected,instagram,17,0,5.438,0.0,5.438,17
cartaoclonado,laranja,Undirected,instagram,3,0,0.96,0.0,0.96,3
cartaoclonado,luxo,Undirected,tiktok,0,1,0.0,0.576,0.576,1
cartaoclonado,marketingdigital,Undirected,instagram,8,0,2.559,0.0,2.559,8
cartaoclonado,meme,Undirected,instagram,17,0,5.438,0.0,5.438,17
cartaoclonado,metodo,Undirected,instagram,16,0,5.118,0.0,5.118,16
cartaoclonado,pix,Undirected,instagram,1,0,0.32,0.0,0.32,1
cartaoclonado,plano,Undirected,instagram,16,0,5.118,0.0,5.118,16
cartaoclonado,raul,Undirected,ambas,24,2,7.678,1.151,4.415,26
cartaoclonado,reels,Undirected,instagram,17,0,5.438,0.0,5.438,17
cartaoclonado,sucesso,Undirected,instagram,16,0,5.118,0.0,5.118,16
cartaoclonado,trampo,Undirected,instagram,17,0,5.438,0.0,5.438,17
cartaoclonado,trending,Undirected,tiktok,0,1,0.0,0.576,0.576,1
cartaoclonado,tropado7,Undirected,ambas,37,9,11.836,5.181,8.508,46
cartaoclonado,viral,Undirected,ambas,34,5,10.877,2.879,6.878,39
casa,dinheiro,Undirected,tiktok,0,12,0.0,6.908,6.908,12
casa,estilo,Undirected,tiktok,0,1,0.0,0.576,0.576,1
casa,fyp,Undirected,tiktok,0,3,0.0,1.727,1.727,3
casa,luxo,Undirected,tiktok,0,12,0.0,6.908,6.908,12
casa,milionario,Undirected,tiktok,0,14,0.0,8.06,8.06,14
casa,musica,Undirected,tiktok,0,1,0.0,0.576,0.576,1
cassino,cc,Undirected,instagram,19,0,6.078,0.0,6.078,19
cassino,dinheiro,Undirected,instagram,19,0,6.078,0.0,6.078,19
cassino,dinheiroextra,Undirected,instagram,6,0,1.919,0.0,1.919,6
cassino,dinheiroonline,Undirected,instagram,19,0,6.078,0.0,6.078,19
cassino,enriquecer,Undirected,instagram,17,0,5.438,0.0,5.438,17
cassino,estelionatario,Undirected,instagram,23,0,7.358,0.0,7.358,23
cassino,estelionato,Undirected,instagram,19,0,6.078,0.0,6.078,19
cassino,explore,Undirected,instagram,17,0,5.438,0.0,5.438,17
cassino,fyp,Undirected,instagram,23,0,7.358,0.0,7.358,23
cassino,golpe,Undirected,instagram,17,0,5.438,0.0,5.438,17
cassino,happynation,Undirected,instagram,1,0,0.32,0.0,0.32,1
cassino,humor,Undirected,instagram,18,0,5.758,0.0,5.758,18
cassino,marketingdigital,Undirected,instagram,2,0,0.64,0.0,0.64,2
cassino,meme,Undirected,instagram,17,0,5.438,0.0,5.438,17
cassino,metodo,Undirected,instagram,17,0,5.438,0.0,5.438,17
cassino,milionario,Undirected,instagram,3,0,0.96,0.0,0.96,3
cassino,plano,Undirected,instagram,17,0,5.438,0.0,5.438,17
cassino,raul,Undirected,instagram,18,0,5.758,0.0,5.758,18
cassino,reels,Undirected,instagram,17,0,5.438,0.0,5.438,17
cassino,sucesso,Undirected,instagram,17,0,5.438,0.0,5.438,17
cassino,trampo,Undirected,instagram,17,0,5.438,0.0,5.438,17
cassino,tropado7,Undirected,instagram,21,0,6.718,0.0,6.718,21
cassino,viral,Undirected,instagram,19,0,6.078,0.0,6.078,19
cc,consultavel,Undirected,instagram,9,0,2.879,0.0,2.879,9
cc,digital,Undirected,instagram,1,0,0.32,0.0,0.32,1
cc,dinheiro,Undirected,ambas,21,13,6.718,7.484,7.101,34
cc,dinheiroextra,Undirected,instagram,8,0,2.559,0.0,2.559,8
cc,dinheiroonline,Undirected,instagram,18,0,5.758,0.0,5.758,18
cc,dropshipping,Undirected,instagram,1,0,0.32,0.0,0.32,1
cc,enriquecer,Undirected,instagram,17,0,5.438,0.0,5.438,17
cc,estelionatario,Undirected,ambas,20,11,6.398,6.333,6.365,31
cc,estelionato,Undirected,ambas,28,12,8.957,6.908,7.933,40
cc,explore,Undirected,instagram,20,0,6.398,0.0,6.398,20
cc,frases,Undirected,instagram,1,0,0.32,0.0,0.32,1
cc,funk,Undirected,tiktok,0,1,0.0,0.576,0.576,1
cc,fyp,Undirected,ambas,21,24,6.718,13.817,10.268,45
cc,golpe,Undirected,ambas,18,3,5.758,1.727,3.743,21
cc,humor,Undirected,instagram,17,0,5.438,0.0,5.438,17
cc,laranja,Undirected,instagram,2,0,0.64,0.0,0.64,2
cc,luxo,Undirected,tiktok,0,3,0.0,1.727,1.727,3
cc,marketingdigital,Undirected,instagram,1,0,0.32,0.0,0.32,1
cc,mckelvinho,Undirected,tiktok,0,1,0.0,0.576,0.576,1
cc,meme,Undirected,ambas,17,1,5.438,0.576,3.007,18
cc,metodo,Undirected,instagram,17,0,5.438,0.0,5.438,17
cc,mulherdepreso,Undirected,tiktok,0,1,0.0,0.576,0.576,1
cc,plano,Undirected,instagram,17,0,5.438,0.0,5.438,17
cc,raul,Undirected,ambas,22,14,7.038,8.06,7.549,36
cc,reels,Undirected,instagram,18,0,5.758,0.0,5.758,18
cc,ruyter,Undirected,tiktok,0,2,0.0,1.151,1.151,2
cc,sucesso,Undirected,instagram,17,0,5.438,0.0,5.438,17
cc,tiktok,Undirected,tiktok,0,3,0.0,1.727,1.727,3
cc,trampo,Undirected,instagram,18,0,5.758,0.0,5.758,18
cc,trending,Undirected,tiktok,0,1,0.0,0.576,0.576,1
cc,tropado7,Undirected,ambas,46,25,14.715,14.393,14.554,71
cc,viral,Undirected,ambas,21,13,6.718,7.484,7.101,34
consultavel,dinheiro,Undirected,instagram,1,0,0.32,0.0,0.32,1
consultavel,dinheiroextra,Undirected,instagram,3,0,0.96,0.0,0.96,3
consultavel,estelionatario,Undirected,instagram,2,0,0.64,0.0,0.64,2
consultavel,estelionato,Undirected,instagram,3,0,0.96,0.0,0.96,3
consultavel,fyp,Undirected,instagram,3,0,0.96,0.0,0.96,3
consultavel,laranja,Undirected,instagram,2,0,0.64,0.0,0.64,2
consultavel,nf,Undirected,instagram,1,0,0.32,0.0,0.32,1
consultavel,raul,Undirected,instagram,1,0,0.32,0.0,0.32,1
consultavel,tropado7,Undirected,instagram,8,0,2.559,0.0,2.559,8
crime,dinheiro,Undirected,ambas,1,3,0.32,1.727,1.024,4
crime,dinheiroextra,Undirected,instagram,1,0,0.32,0.0,0.32,1
crime,dinheiroonline,Undirected,instagram,1,0,0.32,0.0,0.32,1
crime,direito,Undirected,ambas,11,1,3.519,0.576,2.047,12
crime,emocionante,Undirected,instagram,1,0,0.32,0.0,0.32,1
crime,estelionatario,Undirected,ambas,6,1,1.919,0.576,1.248,7
crime,estelionato,Undirected,ambas,24,5,7.678,2.879,5.279,29
crime,falsoadvogado,Undirected,instagram,1,0,0.32,0.0,0.32,1
crime,fraude,Undirected,instagram,2,0,0.64,0.0,0.64,2
crime,fyp,Undirected,ambas,1,4,0.32,2.303,1.311,5
crime,golpe,Undirected,instagram,9,0,2.879,0.0,2.879,9
crime,happynation,Undirected,ambas,2,1,0.64,0.576,0.608,3
crime,lavagemdedinheiro,Undirected,instagram,3,0,0.96,0.0,0.96,3
crime,musica,Undirected,tiktok,0,1,0.0,0.576,0.576,1
crime,policia,Undirected,ambas,4,1,1.28,0.576,0.928,5
crime,policiacivil,Undirected,instagram,3,0,0.96,0.0,0.96,3
crime,prisão,Undirected,instagram,3,0,0.96,0.0,0.96,3
crime,raul,Undirected,tiktok,0,1,0.0,0.576,0.576,1
crime,roubo,Undirected,instagram,1,0,0.32,0.0,0.32,1
crime,segurança,Undirected,instagram,2,0,0.64,0.0,0.64,2
crime,segurançapública,Undirected,instagram,4,0,1.28,0.0,1.28,4
crime,tropado7,Undirected,instagram,2,0,0.64,0.0,0.64,2
crime,viral,Undirected,ambas,2,1,0.64,0.576,0.608,3
digital,dinheiro,Undirected,instagram,2,0,0.64,0.0,0.64,2
digital,dinheiroextra,Undirected,instagram,3,0,0.96,0.0,0.96,3
digital,dropshipping,Undirected,instagram,2,0,0.64,0.0,0.64,2
digital,estelionatario,Undirected,instagram,2,0,0.64,0.0,0.64,2
digital,estelionato,Undirected,instagram,6,0,1.919,0.0,1.919,6
digital,explore,Undirected,instagram,1,0,0.32,0.0,0.32,1
digital,golpe,Undirected,instagram,5,0,1.599,0.0,1.599,5
digital,golpedopix,Undirected,instagram,1,0,0.32,0.0,0.32,1
digital,happynation,Undirected,instagram,4,0,1.28,0.0,1.28,4
digital,laranja,Undirected,instagram,3,0,0.96,0.0,0.96,3
digital,marketingdigital,Undirected,instagram,5,0,1.599,0.0,1.599,5
digital,meme,Undirected,instagram,1,0,0.32,0.0,0.32,1
digital,milionario,Undirected,instagram,1,0,0.32,0.0,0.32,1
digital,pix,Undirected,instagram,1,0,0.32,0.0,0.32,1
digital,reels,Undirected,instagram,2,0,0.64,0.0,0.64,2
digital,tropado7,Undirected,instagram,1,0,0.32,0.0,0.32,1
digital,vendas,Undirected,instagram,1,0,0.32,0.0,0.32,1
digital,viral,Undirected,instagram,1,0,0.32,0.0,0.32,1
dinheiro,dinheiroextra,Undirected,instagram,85,0,27.191,0.0,27.191,85
dinheiro,dinheiroonline,Undirected,instagram,77,0,24.632,0.0,24.632,77
dinheiro,dropshipping,Undirected,instagram,8,0,2.559,0.0,2.559,8
dinheiro,emocionante,Undirected,instagram,19,0,6.078,0.0,6.078,19
dinheiro,empreendedorismo,Undirected,instagram,8,0,2.559,0.0,2.559,8
dinheiro,enriquecer,Undirected,instagram,17,0,5.438,0.0,5.438,17
dinheiro,estelionatario,Undirected,ambas,90,31,28.791,17.847,23.319,121
dinheiro,estelionato,Undirected,ambas,118,48,37.748,27.634,32.691,166
dinheiro,estilo,Undirected,ambas,17,3,5.438,1.727,3.583,20
dinheiro,estudo,Undirected,instagram,17,0,5.438,0.0,5.438,17
dinheiro,explore,Undirected,ambas,59,3,18.874,1.727,10.3,62
dinheiro,frases,Undirected,ambas,4,4,1.28,2.303,1.792,8
dinheiro,fraude,Undirected,instagram,2,0,0.64,0.0,0.64,2
dinheiro,funk,Undirected,instagram,6,0,1.919,0.0,1.919,6
dinheiro,fyp,Undirected,ambas,122,77,39.028,44.329,41.678,199
dinheiro,golpe,Undirected,ambas,32,8,10.237,4.606,7.421,40
dinheiro,golpedopix,Undirected,instagram,2,0,0.64,0.0,0.64,2
dinheiro,grauderua,Undirected,instagram,2,0,0.64,0.0,0.64,2
dinheiro,happynation,Undirected,ambas,128,34,40.947,19.574,30.261,162
dinheiro,humor,Undirected,instagram,23,0,7.358,0.0,7.358,23
dinheiro,instagram,Undirected,instagram,2,0,0.64,0.0,0.64,2
dinheiro,laranja,Undirected,ambas,6,2,1.919,1.151,1.535,8
dinheiro,lavagemdedinheiro,Undirected,instagram,20,0,6.398,0.0,6.398,20
dinheiro,lifestyle,Undirected,instagram,7,0,2.239,0.0,2.239,7
dinheiro,luxo,Undirected,ambas,13,33,4.159,18.998,11.579,46
dinheiro,mandrake,Undirected,instagram,3,0,0.96,0.0,0.96,3
dinheiro,marketingdigital,Undirected,instagram,45,0,14.395,0.0,14.395,45
dinheiro,mckelvinho,Undirected,tiktok,0,2,0.0,1.151,1.151,2
dinheiro,meme,Undirected,ambas,28,2,8.957,1.151,5.054,30
dinheiro,metodo,Undirected,instagram,19,0,6.078,0.0,6.078,19
dinheiro,midia,Undirected,instagram,1,0,0.32,0.0,0.32,1
dinheiro,milionario,Undirected,ambas,38,24,12.156,13.817,12.986,62
dinheiro,mindset,Undirected,instagram,5,0,1.599,0.0,1.599,5
dinheiro,motivational,Undirected,ambas,24,4,7.678,2.303,4.99,28
dinheiro,mudancadehabito,Undirected,instagram,17,0,5.438,0.0,5.438,17
dinheiro,mulherdepreso,Undirected,tiktok,0,7,0.0,4.03,4.03,7
dinheiro,musica,Undirected,ambas,2,3,0.64,1.727,1.183,5
dinheiro,nf,Undirected,instagram,21,0,6.718,0.0,6.718,21
dinheiro,ninoabravanel,Undirected,tiktok,0,2,0.0,1.151,1.151,2
dinheiro,oldmoney,Undirected,instagram,3,0,0.96,0.0,0.96,3
dinheiro,paz,Undirected,instagram,6,0,1.919,0.0,1.919,6
dinheiro,pessoas,Undirected,instagram,25,0,7.997,0.0,7.997,25
dinheiro,pix,Undirected,instagram,1,0,0.32,0.0,0.32,1
dinheiro,plano,Undirected,instagram,17,0,5.438,0.0,5.438,17
dinheiro,policia,Undirected,ambas,3,2,0.96,1.151,1.055,5
dinheiro,policiacivil,Undirected,instagram,2,0,0.64,0.0,0.64,2
dinheiro,raul,Undirected,ambas,40,27,12.796,15.544,14.17,67
dinheiro,raulbigode,Undirected,instagram,1,0,0.32,0.0,0.32,1
dinheiro,reels,Undirected,instagram,30,0,9.597,0.0,9.597,30
dinheiro,rico,Undirected,ambas,14,11,4.479,6.333,5.406,25
dinheiro,roubo,Undirected,instagram,3,0,0.96,0.0,0.96,3
dinheiro,ruyter,Undirected,ambas,3,2,0.96,1.151,1.055,5
dinheiro,segurança,Undirected,instagram,1,0,0.32,0.0,0.32,1
dinheiro,sucesso,Undirected,ambas,68,3,21.753,1.727,11.74,71
dinheiro,tiktok,Undirected,tiktok,0,3,0.0,1.727,1.727,3
dinheiro,trampo,Undirected,instagram,20,0,6.398,0.0,6.398,20
dinheiro,trending,Undirected,ambas,4,3,1.28,1.727,1.504,7
dinheiro,tropado7,Undirected,ambas,77,14,24.632,8.06,16.346,91
dinheiro,vendas,Undirected,instagram,4,0,1.28,0.0,1.28,4
dinheiro,viral,Undirected,ambas,104,32,33.269,18.423,25.846,136
dinheiroextra,dinheiroonline,Undirected,instagram,58,0,18.554,0.0,18.554,58
dinheiroextra,dropshipping,Undirected,instagram,10,0,3.199,0.0,3.199,10
dinheiroextra,emocionante,Undirected,instagram,15,0,4.798,0.0,4.798,15
dinheiroextra,empreendedorismo,Undirected,instagram,2,0,0.64,0.0,0.64,2
dinheiroextra,estelionatario,Undirected,instagram,63,0,20.154,0.0,20.154,63
dinheiroextra,estelionato,Undirected,instagram,56,0,17.914,0.0,17.914,56
dinheiroextra,estilo,Undirected,instagram,17,0,5.438,0.0,5.438,17
dinheiroextra,estudo,Undirected,instagram,17,0,5.438,0.0,5.438,17
dinheiroextra,explore,Undirected,instagram,27,0,8.637,0.0,8.637,27
dinheiroextra,fly,Undirected,instagram,1,0,0.32,0.0,0.32,1
dinheiroextra,funk,Undirected,instagram,1,0,0.32,0.0,0.32,1
dinheiroextra,fyp,Undirected,instagram,59,0,18.874,0.0,18.874,59
dinheiroextra,golpe,Undirected,instagram,10,0,3.199,0.0,3.199,10
dinheiroextra,golpedopix,Undirected,instagram,2,0,0.64,0.0,0.64,2
dinheiroextra,grauderua,Undirected,instagram,1,0,0.32,0.0,0.32,1
dinheiroextra,happynation,Undirected,instagram,34,0,10.877,0.0,10.877,34
dinheiroextra,humor,Undirected,instagram,4,0,1.28,0.0,1.28,4
dinheiroextra,instagram,Undirected,instagram,2,0,0.64,0.0,0.64,2
dinheiroextra,laranja,Undirected,instagram,5,0,1.599,0.0,1.599,5
dinheiroextra,lavagemdedinheiro,Undirected,instagram,11,0,3.519,0.0,3.519,11
dinheiroextra,lifestyle,Undirected,instagram,4,0,1.28,0.0,1.28,4
dinheiroextra,marketingdigital,Undirected,instagram,37,0,11.836,0.0,11.836,37
dinheiroextra,meme,Undirected,instagram,6,0,1.919,0.0,1.919,6
dinheiroextra,milionario,Undirected,instagram,11,0,3.519,0.0,3.519,11
dinheiroextra,motivational,Undirected,instagram,18,0,5.758,0.0,5.758,18
dinheiroextra,mudancadehabito,Undirected,instagram,17,0,5.438,0.0,5.438,17
dinheiroextra,nf,Undirected,instagram,18,0,5.758,0.0,5.758,18
dinheiroextra,paz,Undirected,instagram,6,0,1.919,0.0,1.919,6
dinheiroextra,pessoas,Undirected,instagram,25,0,7.997,0.0,7.997,25
dinheiroextra,pix,Undirected,instagram,3,0,0.96,0.0,0.96,3
dinheiroextra,podcast,Undirected,instagram,1,0,0.32,0.0,0.32,1
dinheiroextra,policia,Undirected,instagram,1,0,0.32,0.0,0.32,1
dinheiroextra,raul,Undirected,instagram,11,0,3.519,0.0,3.519,11
dinheiroextra,raulbigode,Undirected,instagram,1,0,0.32,0.0,0.32,1
dinheiroextra,reels,Undirected,instagram,3,0,0.96,0.0,0.96,3
dinheiroextra,rico,Undirected,instagram,5,0,1.599,0.0,1.599,5
dinheiroextra,ruyter,Undirected,instagram,1,0,0.32,0.0,0.32,1
dinheiroextra,sucesso,Undirected,instagram,30,0,9.597,0.0,9.597,30
dinheiroextra,trampo,Undirected,instagram,2,0,0.64,0.0,0.64,2
dinheiroextra,tropado7,Undirected,instagram,46,0,14.715,0.0,14.715,46
dinheiroextra,viral,Undirected,instagram,52,0,16.635,0.0,16.635,52
dinheiroonline,dropshipping,Undirected,instagram,9,0,2.879,0.0,2.879,9
dinheiroonline,emocionante,Undirected,instagram,19,0,6.078,0.0,6.078,19
dinheiroonline,empreendedorismo,Undirected,instagram,2,0,0.64,0.0,0.64,2
dinheiroonline,enriquecer,Undirected,instagram,17,0,5.438,0.0,5.438,17
dinheiroonline,estelionatario,Undirected,instagram,54,0,17.274,0.0,17.274,54
dinheiroonline,estelionato,Undirected,ambas,57,4,18.234,2.303,10.269,61
dinheiroonline,estilo,Undirected,instagram,17,0,5.438,0.0,5.438,17
dinheiroonline,estudo,Undirected,instagram,17,0,5.438,0.0,5.438,17
dinheiroonline,explore,Undirected,instagram,41,0,13.116,0.0,13.116,41
dinheiroonline,fashion,Undirected,instagram,1,0,0.32,0.0,0.32,1
dinheiroonline,fyp,Undirected,ambas,71,3,22.713,1.727,12.22,74
dinheiroonline,golpe,Undirected,ambas,23,1,7.358,0.576,3.967,24
dinheiroonline,golpedopix,Undirected,instagram,2,0,0.64,0.0,0.64,2
dinheiroonline,happynation,Undirected,instagram,29,0,9.277,0.0,9.277,29
dinheiroonline,humor,Undirected,instagram,20,0,6.398,0.0,6.398,20
dinheiroonline,laranja,Undirected,instagram,1,0,0.32,0.0,0.32,1
dinheiroonline,lavagemdedinheiro,Undirected,instagram,13,0,4.159,0.0,4.159,13
dinheiroonline,lifestyle,Undirected,instagram,3,0,0.96,0.0,0.96,3
dinheiroonline,marketingdigital,Undirected,instagram,32,0,10.237,0.0,10.237,32
dinheiroonline,meme,Undirected,instagram,25,0,7.997,0.0,7.997,25
dinheiroonline,metodo,Undirected,instagram,17,0,5.438,0.0,5.438,17
dinheiroonline,milionario,Undirected,instagram,4,0,1.28,0.0,1.28,4
dinheiroonline,motivational,Undirected,instagram,17,0,5.438,0.0,5.438,17
dinheiroonline,mudancadehabito,Undirected,instagram,17,0,5.438,0.0,5.438,17
dinheiroonline,nf,Undirected,instagram,4,0,1.28,0.0,1.28,4
dinheiroonline,ninoabravanel,Undirected,instagram,1,0,0.32,0.0,0.32,1
dinheiroonline,paz,Undirected,instagram,2,0,0.64,0.0,0.64,2
dinheiroonline,pessoas,Undirected,instagram,4,0,1.28,0.0,1.28,4
dinheiroonline,pix,Undirected,instagram,2,0,0.64,0.0,0.64,2
dinheiroonline,plano,Undirected,instagram,17,0,5.438,0.0,5.438,17
dinheiroonline,raul,Undirected,instagram,30,0,9.597,0.0,9.597,30
dinheiroonline,reels,Undirected,instagram,21,0,6.718,0.0,6.718,21
dinheiroonline,rico,Undirected,instagram,5,0,1.599,0.0,1.599,5
dinheiroonline,ruyter,Undirected,instagram,1,0,0.32,0.0,0.32,1
dinheiroonline,sucesso,Undirected,instagram,27,0,8.637,0.0,8.637,27
dinheiroonline,trampo,Undirected,instagram,22,0,7.038,0.0,7.038,22
dinheiroonline,tropado7,Undirected,instagram,34,0,10.877,0.0,10.877,34
dinheiroonline,viral,Undirected,ambas,64,2,20.473,1.151,10.812,66
direito,estelionatario,Undirected,instagram,14,0,4.479,0.0,4.479,14
direito,estelionato,Undirected,ambas,53,2,16.955,1.151,9.053,55
direito,falsoadvogado,Undirected,instagram,1,0,0.32,0.0,0.32,1
direito,fraude,Undirected,instagram,4,0,1.28,0.0,1.28,4
direito,fyp,Undirected,ambas,2,2,0.64,1.151,0.895,4
direito,golpe,Undirected,instagram,10,0,3.199,0.0,3.199,10
direito,golpedopix,Undirected,instagram,1,0,0.32,0.0,0.32,1
direito,happynation,Undirected,instagram,3,0,0.96,0.0,0.96,3
direito,lavagemdedinheiro,Undirected,instagram,5,0,1.599,0.0,1.599,5
direito,pix,Undirected,instagram,2,0,0.64,0.0,0.64,2
direito,podcast,Undirected,instagram,1,0,0.32,0.0,0.32,1
direito,policiacivil,Undirected,instagram,1,0,0.32,0.0,0.32,1
direito,raul,Undirected,ambas,1,2,0.32,1.151,0.736,3
direito,reels,Undirected,instagram,1,0,0.32,0.0,0.32,1
direito,segurança,Undirected,instagram,2,0,0.64,0.0,0.64,2
direito,segurançadigital,Undirected,instagram,1,0,0.32,0.0,0.32,1
direito,segurançapública,Undirected,instagram,1,0,0.32,0.0,0.32,1
direito,tropado7,Undirected,instagram,1,0,0.32,0.0,0.32,1
direito,viral,Undirected,instagram,1,0,0.32,0.0,0.32,1
dropshipping,estelionatario,Undirected,instagram,7,0,2.239,0.0,2.239,7
dropshipping,estelionato,Undirected,instagram,6,0,1.919,0.0,1.919,6
dropshipping,explore,Undirected,instagram,4,0,1.28,0.0,1.28,4
dropshipping,frases,Undirected,instagram,1,0,0.32,0.0,0.32,1
dropshipping,fyp,Undirected,instagram,5,0,1.599,0.0,1.599,5
dropshipping,happynation,Undirected,instagram,3,0,0.96,0.0,0.96,3
dropshipping,laranja,Undirected,instagram,1,0,0.32,0.0,0.32,1
dropshipping,lifestyle,Undirected,instagram,2,0,0.64,0.0,0.64,2
dropshipping,marketingdigital,Undirected,instagram,9,0,2.879,0.0,2.879,9
dropshipping,meme,Undirected,instagram,3,0,0.96,0.0,0.96,3
dropshipping,pix,Undirected,instagram,2,0,0.64,0.0,0.64,2
dropshipping,raul,Undirected,instagram,6,0,1.919,0.0,1.919,6
dropshipping,ruyter,Undirected,instagram,1,0,0.32,0.0,0.32,1
dropshipping,sucesso,Undirected,instagram,2,0,0.64,0.0,0.64,2
dropshipping,trampo,Undirected,instagram,1,0,0.32,0.0,0.32,1
dropshipping,tropado7,Undirected,instagram,5,0,1.599,0.0,1.599,5
dropshipping,vendas,Undirected,instagram,1,0,0.32,0.0,0.32,1
dropshipping,viral,Undirected,instagram,3,0,0.96,0.0,0.96,3
ea7,grife,Undirected,instagram,10,0,3.199,0.0,3.199,10
ea7,lojamasculina,Undirected,instagram,10,0,3.199,0.0,3.199,10
ea7,lv,Undirected,instagram,10,0,3.199,0.0,3.199,10
ea7,nike,Undirected,instagram,10,0,3.199,0.0,3.199,10
ea7,raul,Undirected,instagram,10,0,3.199,0.0,3.199,10
emocionante,estelionato,Undirected,instagram,1,0,0.32,0.0,0.32,1
emocionante,fyp,Undirected,instagram,19,0,6.078,0.0,6.078,19
emocionante,golpe,Undirected,instagram,3,0,0.96,0.0,0.96,3
emocionante,happynation,Undirected,instagram,18,0,5.758,0.0,5.758,18
emocionante,laranja,Undirected,instagram,1,0,0.32,0.0,0.32,1
emocionante,lavagemdedinheiro,Undirected,instagram,9,0,2.879,0.0,2.879,9
emocionante,marketingdigital,Undirected,instagram,2,0,0.64,0.0,0.64,2
emocionante,milionario,Undirected,instagram,3,0,0.96,0.0,0.96,3
emocionante,reels,Undirected,instagram,1,0,0.32,0.0,0.32,1
emocionante,rico,Undirected,instagram,5,0,1.599,0.0,1.599,5
emocionante,sucesso,Undirected,instagram,2,0,0.64,0.0,0.64,2
emocionante,viral,Undirected,instagram,19,0,6.078,0.0,6.078,19
empreendedorismo,estelionatario,Undirected,instagram,3,0,0.96,0.0,0.96,3
empreendedorismo,estelionato,Undirected,instagram,2,0,0.64,0.0,0.64,2
empreendedorismo,explore,Undirected,instagram,4,0,1.28,0.0,1.28,4
empreendedorismo,frases,Undirected,instagram,2,0,0.64,0.0,0.64,2
empreendedorismo,fyp,Undirected,instagram,4,0,1.28,0.0,1.28,4
empreendedorismo,happynation,Undirected,instagram,10,0,3.199,0.0,3.199,10
empreendedorismo,humor,Undirected,instagram,1,0,0.32,0.0,0.32,1
empreendedorismo,lifestyle,Undirected,instagram,2,0,0.64,0.0,0.64,2
empreendedorismo,luxo,Undirected,instagram,2,0,0.64,0.0,0.64,2
empreendedorismo,marketingdigital,Undirected,instagram,5,0,1.599,0.0,1.599,5
empreendedorismo,meme,Undirected,instagram,4,0,1.28,0.0,1.28,4
empreendedorismo,milionario,Undirected,instagram,3,0,0.96,0.0,0.96,3
empreendedorismo,mindset,Undirected,instagram,1,0,0.32,0.0,0.32,1
empreendedorismo,motivational,Undirected,instagram,4,0,1.28,0.0,1.28,4
empreendedorismo,musica,Undirected,instagram,1,0,0.32,0.0,0.32,1
empreendedorismo,raul,Undirected,instagram,2,0,0.64,0.0,0.64,2
empreendedorismo,rico,Undirected,instagram,2,0,0.64,0.0,0.64,2
empreendedorismo,sucesso,Undirected,instagram,9,0,2.879,0.0,2.879,9
empreendedorismo,trending,Undirected,instagram,1,0,0.32,0.0,0.32,1
empreendedorismo,tropado7,Undirected,instagram,3,0,0.96,0.0,0.96,3
empreendedorismo,vendas,Undirected,instagram,1,0,0.32,0.0,0.32,1
empreendedorismo,viral,Undirected,instagram,10,0,3.199,0.0,3.199,10
enriquecer,estelionatario,Undirected,instagram,17,0,5.438,0.0,5.438,17
enriquecer,estelionato,Undirected,instagram,17,0,5.438,0.0,5.438,17
enriquecer,explore,Undirected,instagram,17,0,5.438,0.0,5.438,17
enriquecer,fyp,Undirected,instagram,17,0,5.438,0.0,5.438,17
enriquecer,golpe,Undirected,instagram,17,0,5.438,0.0,5.438,17
enriquecer,humor,Undirected,instagram,17,0,5.438,0.0,5.438,17
enriquecer,meme,Undirected,instagram,17,0,5.438,0.0,5.438,17
enriquecer,metodo,Undirected,instagram,17,0,5.438,0.0,5.438,17
enriquecer,plano,Undirected,instagram,17,0,5.438,0.0,5.438,17
enriquecer,raul,Undirected,instagram,17,0,5.438,0.0,5.438,17
enriquecer,reels,Undirected,instagram,17,0,5.438,0.0,5.438,17
enriquecer,sucesso,Undirected,instagram,17,0,5.438,0.0,5.438,17
enriquecer,trampo,Undirected,instagram,17,0,5.438,0.0,5.438,17
enriquecer,tropado7,Undirected,instagram,17,0,5.438,0.0,5.438,17
enriquecer,viral,Undirected,instagram,17,0,5.438,0.0,5.438,17
enviamosparatodoobrasil,fyp,Undirected,instagram,10,0,3.199,0.0,3.199,10
enviamosparatodoobrasil,raul,Undirected,instagram,12,0,3.839,0.0,3.839,12
enviamosparatodoobrasil,viral,Undirected,instagram,8,0,2.559,0.0,2.559,8
estelionatario,estelionato,Undirected,ambas,139,42,44.466,24.18,34.323,181
estelionatario,estilo,Undirected,instagram,17,0,5.438,0.0,5.438,17
estelionatario,estudo,Undirected,instagram,17,0,5.438,0.0,5.438,17
estelionatario,explore,Undirected,ambas,52,7,16.635,4.03,10.333,59
estelionatario,falsoadvogado,Undirected,instagram,1,0,0.32,0.0,0.32,1
estelionatario,fly,Undirected,instagram,18,0,5.758,0.0,5.758,18
estelionatario,frases,Undirected,ambas,1,5,0.32,2.879,1.599,6
estelionatario,fraude,Undirected,instagram,13,0,4.159,0.0,4.159,13
estelionatario,funk,Undirected,instagram,9,0,2.879,0.0,2.879,9
estelionatario,fyp,Undirected,ambas,97,47,31.03,27.058,29.044,144
estelionatario,golpe,Undirected,ambas,76,10,24.312,5.757,15.035,86
estelionatario,golpedopix,Undirected,instagram,2,0,0.64,0.0,0.64,2
estelionatario,grauderua,Undirected,instagram,1,0,0.32,0.0,0.32,1
estelionatario,happynation,Undirected,ambas,13,2,4.159,1.151,2.655,15
estelionatario,humor,Undirected,ambas,25,1,7.997,0.576,4.287,26
estelionatario,instagram,Undirected,instagram,4,0,1.28,0.0,1.28,4
estelionatario,laranja,Undirected,ambas,14,1,4.479,0.576,2.527,15
estelionatario,lavagemdedinheiro,Undirected,instagram,7,0,2.239,0.0,2.239,7
estelionatario,lifestyle,Undirected,instagram,3,0,0.96,0.0,0.96,3
estelionatario,luxo,Undirected,instagram,5,0,1.599,0.0,1.599,5
estelionatario,mandrake,Undirected,instagram,2,0,0.64,0.0,0.64,2
estelionatario,marketingdigital,Undirected,instagram,50,0,15.995,0.0,15.995,50
estelionatario,mckelvinho,Undirected,tiktok,0,5,0.0,2.879,2.879,5
estelionatario,meme,Undirected,ambas,26,7,8.317,4.03,6.174,33
estelionatario,metodo,Undirected,instagram,17,0,5.438,0.0,5.438,17
estelionatario,midia,Undirected,instagram,1,0,0.32,0.0,0.32,1
estelionatario,milionario,Undirected,instagram,6,0,1.919,0.0,1.919,6
estelionatario,motivational,Undirected,instagram,18,0,5.758,0.0,5.758,18
estelionatario,mudancadehabito,Undirected,instagram,17,0,5.438,0.0,5.438,17
estelionatario,mulherdepreso,Undirected,tiktok,0,1,0.0,0.576,0.576,1
estelionatario,musica,Undirected,ambas,1,7,0.32,4.03,2.175,8
estelionatario,nf,Undirected,instagram,22,0,7.038,0.0,7.038,22
estelionatario,nike,Undirected,instagram,2,0,0.64,0.0,0.64,2
estelionatario,paz,Undirected,instagram,6,0,1.919,0.0,1.919,6
estelionatario,pessoas,Undirected,instagram,21,0,6.718,0.0,6.718,21
estelionatario,pix,Undirected,instagram,3,0,0.96,0.0,0.96,3
estelionatario,plano,Undirected,instagram,17,0,5.438,0.0,5.438,17
estelionatario,podcast,Undirected,instagram,7,0,2.239,0.0,2.239,7
estelionatario,policia,Undirected,instagram,8,0,2.559,0.0,2.559,8
estelionatario,policiacivil,Undirected,instagram,6,0,1.919,0.0,1.919,6
estelionatario,prisão,Undirected,instagram,1,0,0.32,0.0,0.32,1
estelionatario,raul,Undirected,ambas,63,31,20.154,17.847,19.001,94
estelionatario,raulbigode,Undirected,instagram,3,0,0.96,0.0,0.96,3
estelionatario,reels,Undirected,instagram,39,0,12.476,0.0,12.476,39
estelionatario,rico,Undirected,instagram,3,0,0.96,0.0,0.96,3
estelionatario,roubo,Undirected,instagram,7,0,2.239,0.0,2.239,7
estelionatario,sucesso,Undirected,instagram,45,0,14.395,0.0,14.395,45
estelionatario,trampo,Undirected,instagram,25,0,7.997,0.0,7.997,25
estelionatario,trending,Undirected,tiktok,0,1,0.0,0.576,0.576,1
estelionatario,tropado7,Undirected,ambas,56,15,17.914,8.636,13.275,71
estelionatario,vendas,Undirected,instagram,1,0,0.32,0.0,0.32,1
estelionatario,viral,Undirected,ambas,91,23,29.111,13.241,21.176,114
estelionato,estilo,Undirected,instagram,17,0,5.438,0.0,5.438,17
estelionato,estudo,Undirected,instagram,17,0,5.438,0.0,5.438,17
estelionato,explore,Undirected,ambas,61,17,19.514,9.787,14.651,78
estelionato,falsoadvogado,Undirected,instagram,8,0,2.559,0.0,2.559,8
estelionato,fly,Undirected,instagram,1,0,0.32,0.0,0.32,1
estelionato,frases,Undirected,ambas,5,10,1.599,5.757,3.678,15
estelionato,fraude,Undirected,instagram,28,0,8.957,0.0,8.957,28
estelionato,funk,Undirected,ambas,9,3,2.879,1.727,2.303,12
estelionato,fyp,Undirected,ambas,113,172,36.148,99.021,67.585,285
estelionato,gabyrodrigues,Undirected,instagram,27,0,8.637,0.0,8.637,27
estelionato,golpe,Undirected,ambas,178,20,56.942,11.514,34.228,198
estelionato,golpedopix,Undirected,instagram,10,0,3.199,0.0,3.199,10
estelionato,grauderua,Undirected,instagram,2,0,0.64,0.0,0.64,2
estelionato,happynation,Undirected,ambas,69,10,22.073,5.757,13.915,79
estelionato,humor,Undirected,ambas,26,1,8.317,0.576,4.447,27
estelionato,instagood,Undirected,instagram,1,0,0.32,0.0,0.32,1
estelionato,instagram,Undirected,instagram,6,0,1.919,0.0,1.919,6
estelionato,laranja,Undirected,ambas,20,12,6.398,6.908,6.653,32
estelionato,lavagemdedinheiro,Undirected,instagram,24,0,7.678,0.0,7.678,24
estelionato,lifestyle,Undirected,instagram,4,0,1.28,0.0,1.28,4
estelionato,luxo,Undirected,instagram,2,0,0.64,0.0,0.64,2
estelionato,marketingdigital,Undirected,instagram,32,0,10.237,0.0,10.237,32
estelionato,mckelvinho,Undirected,tiktok,0,9,0.0,5.181,5.181,9
estelionato,meme,Undirected,ambas,30,13,9.597,7.484,8.54,43
estelionato,metodo,Undirected,instagram,18,0,5.758,0.0,5.758,18
estelionato,midia,Undirected,tiktok,0,1,0.0,0.576,0.576,1
estelionato,milionario,Undirected,ambas,4,3,1.28,1.727,1.504,7
estelionato,motivational,Undirected,ambas,19,3,6.078,1.727,3.903,22
estelionato,mudancadehabito,Undirected,instagram,17,0,5.438,0.0,5.438,17
estelionato,mulherdepreso,Undirected,tiktok,0,12,0.0,6.908,6.908,12
estelionato,musica,Undirected,tiktok,0,1,0.0,0.576,0.576,1
estelionato,nf,Undirected,instagram,19,0,6.078,0.0,6.078,19
estelionato,ninoabravanel,Undirected,tiktok,0,12,0.0,6.908,6.908,12
estelionato,paz,Undirected,instagram,6,0,1.919,0.0,1.919,6
estelionato,pessoas,Undirected,instagram,23,0,7.358,0.0,7.358,23
estelionato,pix,Undirected,instagram,8,0,2.559,0.0,2.559,8
estelionato,plano,Undirected,instagram,17,0,5.438,0.0,5.438,17
estelionato,policia,Undirected,instagram,25,0,7.997,0.0,7.997,25
estelionato,policiacivil,Undirected,instagram,46,0,14.715,0.0,14.715,46
estelionato,prisão,Undirected,instagram,9,0,2.879,0.0,2.879,9
estelionato,raul,Undirected,ambas,62,60,19.834,34.542,27.188,122
estelionato,raulbigode,Undirected,instagram,2,0,0.64,0.0,0.64,2
estelionato,reels,Undirected,instagram,44,0,14.075,0.0,14.075,44
estelionato,rico,Undirected,ambas,4,4,1.28,2.303,1.792,8
estelionato,roubo,Undirected,instagram,8,0,2.559,0.0,2.559,8
estelionato,ruyter,Undirected,instagram,1,0,0.32,0.0,0.32,1
estelionato,segurança,Undirected,instagram,19,0,6.078,0.0,6.078,19
estelionato,segurançadigital,Undirected,instagram,14,0,4.479,0.0,4.479,14
estelionato,segurançapública,Undirected,instagram,17,0,5.438,0.0,5.438,17
estelionato,status,Undirected,tiktok,0,1,0.0,0.576,0.576,1
estelionato,sucesso,Undirected,ambas,43,3,13.756,1.727,7.742,46
estelionato,tiktok,Undirected,instagram,4,0,1.28,0.0,1.28,4
estelionato,trampo,Undirected,instagram,22,0,7.038,0.0,7.038,22
estelionato,trending,Undirected,ambas,2,1,0.64,0.576,0.608,3
estelionato,tropado7,Undirected,ambas,55,24,17.594,13.817,15.706,79
estelionato,viral,Undirected,ambas,142,66,45.425,37.997,41.711,208
estilo,estudo,Undirected,instagram,17,0,5.438,0.0,5.438,17
estilo,explore,Undirected,ambas,29,1,9.277,0.576,4.926,30
estilo,funk,Undirected,instagram,2,0,0.64,0.0,0.64,2
estilo,fyp,Undirected,ambas,31,20,9.917,11.514,10.715,51
estilo,grife,Undirected,instagram,2,0,0.64,0.0,0.64,2
estilo,happynation,Undirected,tiktok,0,6,0.0,3.454,3.454,6
estilo,humor,Undirected,instagram,2,0,0.64,0.0,0.64,2
estilo,lifestyle,Undirected,instagram,2,0,0.64,0.0,0.64,2
estilo,luxo,Undirected,tiktok,0,3,0.0,1.727,1.727,3
estilo,mandrake,Undirected,instagram,4,0,1.28,0.0,1.28,4
estilo,marketingdigital,Undirected,instagram,17,0,5.438,0.0,5.438,17
estilo,midia,Undirected,ambas,2,2,0.64,1.151,0.895,4
estilo,milionario,Undirected,tiktok,0,2,0.0,1.151,1.151,2
estilo,motivational,Undirected,instagram,17,0,5.438,0.0,5.438,17
estilo,mudancadehabito,Undirected,instagram,17,0,5.438,0.0,5.438,17
estilo,mulherdepreso,Undirected,tiktok,0,1,0.0,0.576,0.576,1
estilo,nike,Undirected,instagram,2,0,0.64,0.0,0.64,2
estilo,raul,Undirected,ambas,24,18,7.678,10.363,9.021,42
estilo,rico,Undirected,tiktok,0,1,0.0,0.576,0.576,1
estilo,ruyter,Undirected,tiktok,0,1,0.0,0.576,0.576,1
estilo,sucesso,Undirected,tiktok,0,1,0.0,0.576,0.576,1
estilo,tiktok,Undirected,tiktok,0,1,0.0,0.576,0.576,1
estilo,viral,Undirected,ambas,23,7,7.358,4.03,5.694,30
estudo,explore,Undirected,instagram,17,0,5.438,0.0,5.438,17
estudo,fyp,Undirected,instagram,17,0,5.438,0.0,5.438,17
estudo,marketingdigital,Undirected,instagram,17,0,5.438,0.0,5.438,17
estudo,motivational,Undirected,instagram,17,0,5.438,0.0,5.438,17
estudo,mudancadehabito,Undirected,instagram,17,0,5.438,0.0,5.438,17
estudo,viral,Undirected,instagram,17,0,5.438,0.0,5.438,17
explore,fashion,Undirected,instagram,1,0,0.32,0.0,0.32,1
explore,fly,Undirected,instagram,1,0,0.32,0.0,0.32,1
explore,frases,Undirected,instagram,9,0,2.879,0.0,2.879,9
explore,funk,Undirected,ambas,11,6,3.519,3.454,3.487,17
explore,fyp,Undirected,ambas,231,28,73.896,16.12,45.008,259
explore,golpe,Undirected,instagram,24,0,7.678,0.0,7.678,24
explore,grauderua,Undirected,instagram,10,0,3.199,0.0,3.199,10
explore,grife,Undirected,instagram,2,0,0.64,0.0,0.64,2
explore,happynation,Undirected,ambas,39,1,12.476,0.576,6.526,40
explore,humor,Undirected,ambas,46,1,14.715,0.576,7.646,47
explore,instagood,Undirected,instagram,3,0,0.96,0.0,0.96,3
explore,instagram,Undirected,instagram,24,0,7.678,0.0,7.678,24
explore,lacoste,Undirected,instagram,5,0,1.599,0.0,1.599,5
explore,laranja,Undirected,instagram,2,0,0.64,0.0,0.64,2
explore,lavagemdedinheiro,Undirected,instagram,2,0,0.64,0.0,0.64,2
explore,lifestyle,Undirected,instagram,21,0,6.718,0.0,6.718,21
explore,luxo,Undirected,ambas,6,1,1.919,0.576,1.248,7
explore,mandrake,Undirected,instagram,10,0,3.199,0.0,3.199,10
explore,marketingdigital,Undirected,instagram,30,0,9.597,0.0,9.597,30
explore,meme,Undirected,ambas,52,3,16.635,1.727,9.181,55
explore,metodo,Undirected,instagram,17,0,5.438,0.0,5.438,17
explore,midia,Undirected,ambas,11,1,3.519,0.576,2.047,12
explore,milionario,Undirected,instagram,6,0,1.919,0.0,1.919,6
explore,mindset,Undirected,instagram,1,0,0.32,0.0,0.32,1
explore,motivational,Undirected,instagram,23,0,7.358,0.0,7.358,23
explore,mudancadehabito,Undirected,instagram,17,0,5.438,0.0,5.438,17
explore,musica,Undirected,ambas,8,3,2.559,1.727,2.143,11
explore,nf,Undirected,instagram,4,0,1.28,0.0,1.28,4
explore,nike,Undirected,instagram,26,0,8.317,0.0,8.317,26
explore,ninoabravanel,Undirected,ambas,7,3,2.239,1.727,1.983,10
explore,pix,Undirected,instagram,2,0,0.64,0.0,0.64,2
explore,plano,Undirected,instagram,17,0,5.438,0.0,5.438,17
explore,raul,Undirected,ambas,167,8,53.423,4.606,29.015,175
explore,reels,Undirected,instagram,88,0,28.151,0.0,28.151,88
explore,rico,Undirected,instagram,1,0,0.32,0.0,0.32,1
explore,ruyter,Undirected,instagram,1,0,0.32,0.0,0.32,1
explore,status,Undirected,tiktok,0,2,0.0,1.151,1.151,2
explore,sucesso,Undirected,ambas,22,1,7.038,0.576,3.807,23
explore,tiktok,Undirected,instagram,16,0,5.118,0.0,5.118,16
explore,trampo,Undirected,instagram,18,0,5.758,0.0,5.758,18
explore,trending,Undirected,ambas,21,1,6.718,0.576,3.647,22
explore,tropado7,Undirected,ambas,64,2,20.473,1.151,10.812,66
explore,vendas,Undirected,instagram,1,0,0.32,0.0,0.32,1
explore,viral,Undirected,ambas,184,10,58.861,5.757,32.309,194
falsoadvogado,fyp,Undirected,instagram,1,0,0.32,0.0,0.32,1
falsoadvogado,golpe,Undirected,instagram,9,0,2.879,0.0,2.879,9
falsoadvogado,meme,Undirected,instagram,1,0,0.32,0.0,0.32,1
falsoadvogado,pix,Undirected,instagram,1,0,0.32,0.0,0.32,1
falsoadvogado,policia,Undirected,instagram,1,0,0.32,0.0,0.32,1
falsoadvogado,policiacivil,Undirected,instagram,1,0,0.32,0.0,0.32,1
falsoadvogado,segurançadigital,Undirected,instagram,1,0,0.32,0.0,0.32,1
falsoadvogado,segurançapública,Undirected,instagram,1,0,0.32,0.0,0.32,1
falsoadvogado,viral,Undirected,instagram,1,0,0.32,0.0,0.32,1
fashion,fyp,Undirected,instagram,9,0,2.879,0.0,2.879,9
fashion,happynation,Undirected,instagram,1,0,0.32,0.0,0.32,1
fashion,lifestyle,Undirected,instagram,1,0,0.32,0.0,0.32,1
fashion,raul,Undirected,instagram,8,0,2.559,0.0,2.559,8
fashion,sucesso,Undirected,instagram,1,0,0.32,0.0,0.32,1
fashion,tropado7,Undirected,instagram,4,0,1.28,0.0,1.28,4
fashion,viral,Undirected,instagram,3,0,0.96,0.0,0.96,3
fly,marketingdigital,Undirected,instagram,8,0,2.559,0.0,2.559,8
fly,meme,Undirected,instagram,1,0,0.32,0.0,0.32,1
fly,nike,Undirected,instagram,2,0,0.64,0.0,0.64,2
fly,podcast,Undirected,instagram,4,0,1.28,0.0,1.28,4
fly,raul,Undirected,instagram,2,0,0.64,0.0,0.64,2
fly,tropado7,Undirected,instagram,2,0,0.64,0.0,0.64,2
fly,viral,Undirected,instagram,14,0,4.479,0.0,4.479,14
frases,funk,Undirected,instagram,1,0,0.32,0.0,0.32,1
frases,fyp,Undirected,ambas,12,8,3.839,4.606,4.223,20
frases,golpe,Undirected,instagram,1,0,0.32,0.0,0.32,1
frases,grauderua,Undirected,instagram,1,0,0.32,0.0,0.32,1
frases,happynation,Undirected,instagram,6,0,1.919,0.0,1.919,6
frases,lifestyle,Undirected,instagram,2,0,0.64,0.0,0.64,2
frases,luxo,Undirected,instagram,2,0,0.64,0.0,0.64,2
frases,marketingdigital,Undirected,instagram,1,0,0.32,0.0,0.32,1
frases,midia,Undirected,instagram,1,0,0.32,0.0,0.32,1
frases,milionario,Undirected,instagram,2,0,0.64,0.0,0.64,2
frases,motivational,Undirected,ambas,3,2,0.96,1.151,1.055,5
frases,musica,Undirected,tiktok,0,5,0.0,2.879,2.879,5
frases,raul,Undirected,instagram,4,0,1.28,0.0,1.28,4
frases,reels,Undirected,instagram,4,0,1.28,0.0,1.28,4
frases,rico,Undirected,instagram,2,0,0.64,0.0,0.64,2
frases,sucesso,Undirected,ambas,1,1,0.32,0.576,0.448,2
frases,tropado7,Undirected,instagram,5,0,1.599,0.0,1.599,5
frases,vendas,Undirected,instagram,1,0,0.32,0.0,0.32,1
frases,viral,Undirected,ambas,10,1,3.199,0.576,1.887,11
fraude,golpe,Undirected,instagram,19,0,6.078,0.0,6.078,19
fraude,happynation,Undirected,instagram,2,0,0.64,0.0,0.64,2
fraude,instagram,Undirected,instagram,1,0,0.32,0.0,0.32,1
fraude,lavagemdedinheiro,Undirected,instagram,1,0,0.32,0.0,0.32,1
fraude,milionario,Undirected,instagram,1,0,0.32,0.0,0.32,1
fraude,musica,Undirected,instagram,1,0,0.32,0.0,0.32,1
fraude,policia,Undirected,instagram,6,0,1.919,0.0,1.919,6
fraude,policiacivil,Undirected,instagram,3,0,0.96,0.0,0.96,3
fraude,prisão,Undirected,instagram,1,0,0.32,0.0,0.32,1
fraude,roubo,Undirected,instagram,2,0,0.64,0.0,0.64,2
fraude,segurança,Undirected,instagram,3,0,0.96,0.0,0.96,3
fraude,segurançadigital,Undirected,instagram,1,0,0.32,0.0,0.32,1
freefire,tropado7,Undirected,instagram,15,0,4.798,0.0,4.798,15
ft,fyp,Undirected,instagram,2,0,0.64,0.0,0.64,2
ft,kit,Undirected,instagram,38,0,12.156,0.0,12.156,38
ft,raul,Undirected,instagram,38,0,12.156,0.0,12.156,38
ft,viral,Undirected,instagram,38,0,12.156,0.0,12.156,38
funk,fyp,Undirected,ambas,16,43,5.118,24.755,14.936,59
funk,golpe,Undirected,instagram,2,0,0.64,0.0,0.64,2
funk,grauderua,Undirected,instagram,3,0,0.96,0.0,0.96,3
funk,happynation,Undirected,ambas,2,1,0.64,0.576,0.608,3
funk,humor,Undirected,instagram,3,0,0.96,0.0,0.96,3
funk,instagood,Undirected,instagram,5,0,1.599,0.0,1.599,5
funk,laranja,Undirected,instagram,2,0,0.64,0.0,0.64,2
funk,luxo,Undirected,instagram,4,0,1.28,0.0,1.28,4
funk,mandrake,Undirected,instagram,5,0,1.599,0.0,1.599,5
funk,mckelvinho,Undirected,tiktok,0,4,0.0,2.303,2.303,4
funk,meme,Undirected,ambas,3,1,0.96,0.576,0.768,4
funk,midia,Undirected,tiktok,0,2,0.0,1.151,1.151,2
funk,motivational,Undirected,instagram,2,0,0.64,0.0,0.64,2
funk,musica,Undirected,ambas,3,22,0.96,12.666,6.813,25
funk,nike,Undirected,instagram,2,0,0.64,0.0,0.64,2
funk,ninoabravanel,Undirected,ambas,1,4,0.32,2.303,1.311,5
funk,policia,Undirected,instagram,1,0,0.32,0.0,0.32,1
funk,policiacivil,Undirected,instagram,2,0,0.64,0.0,0.64,2
funk,raul,Undirected,ambas,36,9,11.516,5.181,8.348,45
funk,raulbigode,Undirected,instagram,4,0,1.28,0.0,1.28,4
funk,reels,Undirected,instagram,14,0,4.479,0.0,4.479,14
funk,status,Undirected,tiktok,0,9,0.0,5.181,5.181,9
funk,tiktok,Undirected,ambas,2,2,0.64,1.151,0.895,4
funk,trending,Undirected,ambas,2,3,0.64,1.727,1.183,5
funk,tropado7,Undirected,ambas,15,9,4.798,5.181,4.989,24
funk,viral,Undirected,ambas,26,17,8.317,9.787,9.052,43
fyp,golpe,Undirected,ambas,32,15,10.237,8.636,9.436,47
fyp,golpedopix,Undirected,instagram,2,0,0.64,0.0,0.64,2
fyp,grauderua,Undirected,instagram,10,0,3.199,0.0,3.199,10
fyp,grife,Undirected,instagram,2,0,0.64,0.0,0.64,2
fyp,happynation,Undirected,ambas,188,123,60.141,70.812,65.477,311
fyp,humor,Undirected,ambas,53,15,16.955,8.636,12.795,68
fyp,instagood,Undirected,instagram,2,0,0.64,0.0,0.64,2
fyp,instagram,Undirected,instagram,26,0,8.317,0.0,8.317,26
fyp,kit,Undirected,instagram,2,0,0.64,0.0,0.64,2
fyp,lacoste,Undirected,instagram,2,0,0.64,0.0,0.64,2
fyp,laranja,Undirected,ambas,20,6,6.398,3.454,4.926,26
fyp,lavagemdedinheiro,Undirected,instagram,15,0,4.798,0.0,4.798,15
fyp,lifestyle,Undirected,instagram,110,0,35.189,0.0,35.189,110
fyp,luxo,Undirected,ambas,4,34,1.28,19.574,10.427,38
fyp,mandrake,Undirected,instagram,17,0,5.438,0.0,5.438,17
fyp,marketingdigital,Undirected,instagram,133,0,42.546,0.0,42.546,133
fyp,mckelvinho,Undirected,tiktok,0,13,0.0,7.484,7.484,13
fyp,meme,Undirected,ambas,67,20,21.433,11.514,16.474,87
fyp,metodo,Undirected,instagram,20,0,6.398,0.0,6.398,20
fyp,midia,Undirected,ambas,12,8,3.839,4.606,4.223,20
fyp,milionario,Undirected,ambas,12,11,3.839,6.333,5.086,23
fyp,mindset,Undirected,instagram,81,0,25.912,0.0,25.912,81
fyp,motivational,Undirected,ambas,21,15,6.718,8.636,7.677,36
fyp,mudancadehabito,Undirected,instagram,17,0,5.438,0.0,5.438,17
fyp,mulherdepreso,Undirected,tiktok,0,21,0.0,12.09,12.09,21
fyp,musica,Undirected,ambas,7,64,2.239,36.845,19.542,71
fyp,nf,Undirected,instagram,6,0,1.919,0.0,1.919,6
fyp,nike,Undirected,instagram,27,0,8.637,0.0,8.637,27
fyp,ninoabravanel,Undirected,ambas,7,27,2.239,15.544,8.892,34
fyp,oldmoney,Undirected,instagram,1,0,0.32,0.0,0.32,1
fyp,pix,Undirected,instagram,2,0,0.64,0.0,0.64,2
fyp,plano,Undirected,instagram,17,0,5.438,0.0,5.438,17
fyp,policia,Undirected,tiktok,0,9,0.0,5.181,5.181,9
fyp,raul,Undirected,ambas,256,121,81.894,69.66,75.777,377
fyp,raulbigode,Undirected,instagram,2,0,0.64,0.0,0.64,2
fyp,reels,Undirected,instagram,102,0,32.63,0.0,32.63,102
fyp,rico,Undirected,ambas,7,13,2.239,7.484,4.861,20
fyp,ruyter,Undirected,ambas,2,4,0.64,2.303,1.472,6
fyp,status,Undirected,tiktok,0,7,0.0,4.03,4.03,7
fyp,sucesso,Undirected,ambas,105,3,33.589,1.727,17.658,108
fyp,tiktok,Undirected,ambas,19,25,6.078,14.393,10.236,44
fyp,trampo,Undirected,instagram,22,0,7.038,0.0,7.038,22
fyp,trending,Undirected,ambas,25,29,7.997,16.695,12.346,54
fyp,tropado7,Undirected,ambas,111,53,35.509,30.512,33.011,164
fyp,vendas,Undirected,instagram,12,0,3.839,0.0,3.839,12
fyp,viral,Undirected,ambas,292,239,93.41,137.594,115.502,531
gabyrodrigues,golpe,Undirected,instagram,27,0,8.637,0.0,8.637,27
gabyrodrigues,happynation,Undirected,instagram,27,0,8.637,0.0,8.637,27
gabyrodrigues,viral,Undirected,instagram,27,0,8.637,0.0,8.637,27
golpe,golpedopix,Undirected,instagram,4,0,1.28,0.0,1.28,4
golpe,happynation,Undirected,ambas,67,3,21.433,1.727,11.58,70
golpe,humor,Undirected,ambas,19,2,6.078,1.151,3.615,21
golpe,instagram,Undirected,instagram,1,0,0.32,0.0,0.32,1
golpe,laranja,Undirected,ambas,3,2,0.96,1.151,1.055,5
golpe,lavagemdedinheiro,Undirected,instagram,6,0,1.919,0.0,1.919,6
golpe,mandrake,Undirected,instagram,1,0,0.32,0.0,0.32,1
golpe,marketingdigital,Undirected,instagram,3,0,0.96,0.0,0.96,3
golpe,meme,Undirected,ambas,23,3,7.358,1.727,4.542,26
golpe,metodo,Undirected,instagram,17,0,5.438,0.0,5.438,17
golpe,milionario,Undirected,instagram,1,0,0.32,0.0,0.32,1
golpe,motivational,Undirected,instagram,1,0,0.32,0.0,0.32,1
golpe,musica,Undirected,instagram,1,0,0.32,0.0,0.32,1
golpe,nf,Undirected,instagram,1,0,0.32,0.0,0.32,1
golpe,pix,Undirected,instagram,6,0,1.919,0.0,1.919,6
golpe,plano,Undirected,instagram,17,0,5.438,0.0,5.438,17
golpe,policia,Undirected,instagram,14,0,4.479,0.0,4.479,14
golpe,policiacivil,Undirected,instagram,14,0,4.479,0.0,4.479,14
golpe,prisão,Undirected,instagram,2,0,0.64,0.0,0.64,2
golpe,raul,Undirected,ambas,26,8,8.317,4.606,6.462,34
golpe,raulbigode,Undirected,instagram,1,0,0.32,0.0,0.32,1
golpe,reels,Undirected,instagram,22,0,7.038,0.0,7.038,22
golpe,rico,Undirected,instagram,1,0,0.32,0.0,0.32,1
golpe,roubo,Undirected,instagram,5,0,1.599,0.0,1.599,5
golpe,segurança,Undirected,instagram,10,0,3.199,0.0,3.199,10
golpe,segurançadigital,Undirected,instagram,6,0,1.919,0.0,1.919,6
golpe,segurançapública,Undirected,instagram,7,0,2.239,0.0,2.239,7
golpe,sucesso,Undirected,ambas,19,1,6.078,0.576,3.327,20
golpe,trampo,Undirected,instagram,17,0,5.438,0.0,5.438,17
golpe,trending,Undirected,instagram,1,0,0.32,0.0,0.32,1
golpe,tropado7,Undirected,ambas,19,3,6.078,1.727,3.903,22
golpe,vendas,Undirected,instagram,1,0,0.32,0.0,0.32,1
golpe,viral,Undirected,ambas,88,12,28.151,6.908,17.529,100
golpedopix,happynation,Undirected,instagram,2,0,0.64,0.0,0.64,2
golpedopix,lavagemdedinheiro,Undirected,instagram,2,0,0.64,0.0,0.64,2
golpedopix,pix,Undirected,instagram,1,0,0.32,0.0,0.32,1
golpedopix,policiacivil,Undirected,instagram,2,0,0.64,0.0,0.64,2
golpedopix,segurança,Undirected,instagram,2,0,0.64,0.0,0.64,2
golpedopix,segurançadigital,Undirected,instagram,2,0,0.64,0.0,0.64,2
golpedopix,viral,Undirected,instagram,2,0,0.64,0.0,0.64,2
grauderua,happynation,Undirected,instagram,1,0,0.32,0.0,0.32,1
grauderua,humor,Undirected,instagram,4,0,1.28,0.0,1.28,4
grauderua,lv,Undirected,instagram,2,0,0.64,0.0,0.64,2
grauderua,ninoabravanel,Undirected,instagram,4,0,1.28,0.0,1.28,4
grauderua,paz,Undirected,instagram,1,0,0.32,0.0,0.32,1
grauderua,pessoas,Undirected,instagram,1,0,0.32,0.0,0.32,1
grauderua,policia,Undirected,instagram,1,0,0.32,0.0,0.32,1
grauderua,raul,Undirected,instagram,12,0,3.839,0.0,3.839,12
grauderua,reels,Undirected,instagram,6,0,1.919,0.0,1.919,6
grauderua,sucesso,Undirected,instagram,1,0,0.32,0.0,0.32,1
grauderua,tropado7,Undirected,instagram,10,0,3.199,0.0,3.199,10
grauderua,viral,Undirected,instagram,7,0,2.239,0.0,2.239,7
grife,lojamasculina,Undirected,instagram,10,0,3.199,0.0,3.199,10
grife,lv,Undirected,instagram,10,0,3.199,0.0,3.199,10
grife,nike,Undirected,instagram,10,0,3.199,0.0,3.199,10
grife,raul,Undirected,instagram,16,0,5.118,0.0,5.118,16
happynation,humor,Undirected,ambas,14,3,4.479,1.727,3.103,17
happynation,instagood,Undirected,instagram,5,0,1.599,0.0,1.599,5
happynation,instagram,Undirected,instagram,7,0,2.239,0.0,2.239,7
happynation,laranja,Undirected,instagram,3,0,0.96,0.0,0.96,3
happynation,lavagemdedinheiro,Undirected,instagram,25,0,7.997,0.0,7.997,25
happynation,lifestyle,Undirected,instagram,100,0,31.99,0.0,31.99,100
happynation,luxo,Undirected,ambas,21,35,6.718,20.15,13.434,56
happynation,marketingdigital,Undirected,instagram,115,0,36.788,0.0,36.788,115
happynation,meme,Undirected,ambas,17,6,5.438,3.454,4.446,23
happynation,metodo,Undirected,instagram,3,0,0.96,0.0,0.96,3
happynation,milionario,Undirected,ambas,44,10,14.075,5.757,9.916,54
happynation,mindset,Undirected,instagram,89,0,28.471,0.0,28.471,89
happynation,motivational,Undirected,ambas,23,8,7.358,4.606,5.982,31
happynation,mulherdepreso,Undirected,tiktok,0,1,0.0,0.576,0.576,1
happynation,musica,Undirected,ambas,13,27,4.159,15.544,9.851,40
happynation,nf,Undirected,instagram,4,0,1.28,0.0,1.28,4
happynation,ninoabravanel,Undirected,tiktok,0,2,0.0,1.151,1.151,2
happynation,oldmoney,Undirected,instagram,10,0,3.199,0.0,3.199,10
happynation,pessoas,Undirected,instagram,6,0,1.919,0.0,1.919,6
happynation,pix,Undirected,instagram,1,0,0.32,0.0,0.32,1
happynation,podcast,Undirected,instagram,1,0,0.32,0.0,0.32,1
happynation,policia,Undirected,ambas,1,8,0.32,4.606,2.463,9
happynation,raul,Undirected,instagram,3,0,0.96,0.0,0.96,3
happynation,reels,Undirected,instagram,26,0,8.317,0.0,8.317,26
happynation,rico,Undirected,ambas,18,19,5.758,10.938,8.348,37
happynation,roubo,Undirected,instagram,1,0,0.32,0.0,0.32,1
happynation,ruyter,Undirected,ambas,9,11,2.879,6.333,4.606,20
happynation,sucesso,Undirected,ambas,122,7,39.028,4.03,21.529,129
happynation,tiktok,Undirected,tiktok,0,4,0.0,2.303,2.303,4
happynation,trampo,Undirected,instagram,1,0,0.32,0.0,0.32,1
happynation,trending,Undirected,ambas,21,10,6.718,5.757,6.237,31
happynation,tropado7,Undirected,ambas,11,2,3.519,1.151,2.335,13
happynation,vendas,Undirected,instagram,7,0,2.239,0.0,2.239,7
happynation,viral,Undirected,ambas,148,47,47.345,27.058,37.201,195
humor,instagram,Undirected,instagram,16,0,5.118,0.0,5.118,16
humor,lavagemdedinheiro,Undirected,instagram,2,0,0.64,0.0,0.64,2
humor,lifestyle,Undirected,instagram,16,0,5.118,0.0,5.118,16
humor,marketingdigital,Undirected,instagram,3,0,0.96,0.0,0.96,3
humor,meme,Undirected,ambas,47,4,15.035,2.303,8.669,51
humor,metodo,Undirected,instagram,17,0,5.438,0.0,5.438,17
humor,milionario,Undirected,instagram,1,0,0.32,0.0,0.32,1
humor,mulherdepreso,Undirected,tiktok,0,1,0.0,0.576,0.576,1
humor,ninoabravanel,Undirected,instagram,4,0,1.28,0.0,1.28,4
humor,plano,Undirected,instagram,17,0,5.438,0.0,5.438,17
humor,podcast,Undirected,instagram,1,0,0.32,0.0,0.32,1
humor,policia,Undirected,instagram,1,0,0.32,0.0,0.32,1
humor,raul,Undirected,ambas,38,7,12.156,4.03,8.093,45
humor,reels,Undirected,instagram,50,0,15.995,0.0,15.995,50
humor,sucesso,Undirected,instagram,17,0,5.438,0.0,5.438,17
humor,tiktok,Undirected,ambas,16,1,5.118,0.576,2.847,17
humor,trampo,Undirected,instagram,17,0,5.438,0.0,5.438,17
humor,trending,Undirected,tiktok,0,1,0.0,0.576,0.576,1
humor,tropado7,Undirected,instagram,19,0,6.078,0.0,6.078,19
humor,viral,Undirected,ambas,63,14,20.154,8.06,14.107,77
instagood,instagram,Undirected,instagram,2,0,0.64,0.0,0.64,2
instagood,motivational,Undirected,instagram,1,0,0.32,0.0,0.32,1
instagood,musica,Undirected,instagram,2,0,0.64,0.0,0.64,2
instagood,raul,Undirected,instagram,6,0,1.919,0.0,1.919,6
instagood,reels,Undirected,instagram,6,0,1.919,0.0,1.919,6
instagood,sucesso,Undirected,instagram,1,0,0.32,0.0,0.32,1
instagood,trending,Undirected,instagram,1,0,0.32,0.0,0.32,1
instagood,tropado7,Undirected,instagram,7,0,2.239,0.0,2.239,7
instagood,viral,Undirected,instagram,11,0,3.519,0.0,3.519,11
instagram,lavagemdedinheiro,Undirected,instagram,1,0,0.32,0.0,0.32,1
instagram,lifestyle,Undirected,instagram,16,0,5.118,0.0,5.118,16
instagram,meme,Undirected,instagram,16,0,5.118,0.0,5.118,16
instagram,musica,Undirected,instagram,1,0,0.32,0.0,0.32,1
instagram,raul,Undirected,instagram,8,0,2.559,0.0,2.559,8
instagram,reels,Undirected,instagram,18,0,5.758,0.0,5.758,18
instagram,tiktok,Undirected,instagram,16,0,5.118,0.0,5.118,16
instagram,trending,Undirected,instagram,1,0,0.32,0.0,0.32,1
instagram,tropado7,Undirected,instagram,2,0,0.64,0.0,0.64,2
instagram,viral,Undirected,instagram,21,0,6.718,0.0,6.718,21
kit,lacoste,Undirected,instagram,4,0,1.28,0.0,1.28,4
kit,lojamasculina,Undirected,instagram,4,0,1.28,0.0,1.28,4
kit,lv,Undirected,instagram,4,0,1.28,0.0,1.28,4
kit,midia,Undirected,instagram,2,0,0.64,0.0,0.64,2
kit,nike,Undirected,instagram,4,0,1.28,0.0,1.28,4
kit,raul,Undirected,instagram,44,0,14.075,0.0,14.075,44
kit,viral,Undirected,instagram,38,0,12.156,0.0,12.156,38
lacoste,lojamasculina,Undirected,instagram,4,0,1.28,0.0,1.28,4
lacoste,lv,Undirected,instagram,4,0,1.28,0.0,1.28,4
lacoste,nike,Undirected,instagram,10,0,3.199,0.0,3.199,10
lacoste,raul,Undirected,instagram,10,0,3.199,0.0,3.199,10
lacoste,reels,Undirected,instagram,1,0,0.32,0.0,0.32,1
lacoste,tropado7,Undirected,instagram,1,0,0.32,0.0,0.32,1
lacoste,viral,Undirected,instagram,2,0,0.64,0.0,0.64,2
laranja,lavagemdedinheiro,Undirected,instagram,1,0,0.32,0.0,0.32,1
laranja,marketingdigital,Undirected,instagram,3,0,0.96,0.0,0.96,3
laranja,milionario,Undirected,instagram,1,0,0.32,0.0,0.32,1
laranja,nf,Undirected,instagram,1,0,0.32,0.0,0.32,1
laranja,paz,Undirected,instagram,1,0,0.32,0.0,0.32,1
laranja,pessoas,Undirected,instagram,1,0,0.32,0.0,0.32,1
laranja,raul,Undirected,ambas,18,3,5.758,1.727,3.743,21
laranja,reels,Undirected,instagram,8,0,2.559,0.0,2.559,8
laranja,roubo,Undirected,instagram,1,0,0.32,0.0,0.32,1
laranja,sucesso,Undirected,instagram,1,0,0.32,0.0,0.32,1
laranja,trampo,Undirected,instagram,1,0,0.32,0.0,0.32,1
laranja,tropado7,Undirected,ambas,6,1,1.919,0.576,1.248,7
laranja,viral,Undirected,ambas,9,2,2.879,1.151,2.015,11
lavagemdedinheiro,luxo,Undirected,instagram,1,0,0.32,0.0,0.32,1
lavagemdedinheiro,marketingdigital,Undirected,instagram,3,0,0.96,0.0,0.96,3
lavagemdedinheiro,meme,Undirected,instagram,2,0,0.64,0.0,0.64,2
lavagemdedinheiro,milionario,Undirected,instagram,1,0,0.32,0.0,0.32,1
lavagemdedinheiro,policia,Undirected,instagram,1,0,0.32,0.0,0.32,1
lavagemdedinheiro,policiacivil,Undirected,instagram,1,0,0.32,0.0,0.32,1
lavagemdedinheiro,raul,Undirected,instagram,1,0,0.32,0.0,0.32,1
lavagemdedinheiro,raulbigode,Undirected,instagram,1,0,0.32,0.0,0.32,1
lavagemdedinheiro,reels,Undirected,instagram,1,0,0.32,0.0,0.32,1
lavagemdedinheiro,rico,Undirected,instagram,4,0,1.28,0.0,1.28,4
lavagemdedinheiro,segurançapública,Undirected,instagram,1,0,0.32,0.0,0.32,1
lavagemdedinheiro,sucesso,Undirected,instagram,2,0,0.64,0.0,0.64,2
lavagemdedinheiro,viral,Undirected,instagram,17,0,5.438,0.0,5.438,17
lifestyle,luxo,Undirected,instagram,4,0,1.28,0.0,1.28,4
lifestyle,marketingdigital,Undirected,instagram,93,0,29.75,0.0,29.75,93
lifestyle,meme,Undirected,instagram,16,0,5.118,0.0,5.118,16
lifestyle,milionario,Undirected,instagram,3,0,0.96,0.0,0.96,3
lifestyle,mindset,Undirected,instagram,81,0,25.912,0.0,25.912,81
lifestyle,motivational,Undirected,instagram,5,0,1.599,0.0,1.599,5
lifestyle,oldmoney,Undirected,instagram,1,0,0.32,0.0,0.32,1
lifestyle,pessoas,Undirected,instagram,1,0,0.32,0.0,0.32,1
lifestyle,pix,Undirected,instagram,2,0,0.64,0.0,0.64,2
lifestyle,raul,Undirected,instagram,2,0,0.64,0.0,0.64,2
lifestyle,reels,Undirected,instagram,16,0,5.118,0.0,5.118,16
lifestyle,rico,Undirected,instagram,2,0,0.64,0.0,0.64,2
lifestyle,sucesso,Undirected,instagram,83,0,26.552,0.0,26.552,83
lifestyle,tiktok,Undirected,instagram,16,0,5.118,0.0,5.118,16
lifestyle,tropado7,Undirected,instagram,1,0,0.32,0.0,0.32,1
lifestyle,vendas,Undirected,instagram,1,0,0.32,0.0,0.32,1
lifestyle,viral,Undirected,instagram,23,0,7.358,0.0,7.358,23
lojamasculina,lv,Undirected,instagram,14,0,4.479,0.0,4.479,14
lojamasculina,nike,Undirected,instagram,14,0,4.479,0.0,4.479,14
lojamasculina,raul,Undirected,instagram,14,0,4.479,0.0,4.479,14
luxo,marketingdigital,Undirected,instagram,2,0,0.64,0.0,0.64,2
luxo,milionario,Undirected,ambas,6,21,1.919,12.09,7.005,27
luxo,mindset,Undirected,instagram,1,0,0.32,0.0,0.32,1
luxo,motivational,Undirected,ambas,7,5,2.239,2.879,2.559,12
luxo,musica,Undirected,tiktok,0,1,0.0,0.576,0.576,1
luxo,raul,Undirected,instagram,5,0,1.599,0.0,1.599,5
luxo,reels,Undirected,instagram,1,0,0.32,0.0,0.32,1
luxo,rico,Undirected,ambas,3,10,0.96,5.757,3.358,13
luxo,ruyter,Undirected,instagram,1,0,0.32,0.0,0.32,1
luxo,sucesso,Undirected,ambas,5,6,1.599,3.454,2.526,11
luxo,trending,Undirected,ambas,2,1,0.64,0.576,0.608,3
luxo,tropado7,Undirected,tiktok,0,1,0.0,0.576,0.576,1
luxo,vendas,Undirected,instagram,1,0,0.32,0.0,0.32,1
luxo,viral,Undirected,ambas,5,16,1.599,9.211,5.405,21
lv,nike,Undirected,instagram,14,0,4.479,0.0,4.479,14
lv,raul,Undirected,instagram,16,0,5.118,0.0,5.118,16
mandrake,meme,Undirected,instagram,4,0,1.28,0.0,1.28,4
mandrake,nike,Undirected,instagram,4,0,1.28,0.0,1.28,4
mandrake,raul,Undirected,instagram,33,0,10.557,0.0,10.557,33
mandrake,vendas,Undirected,instagram,10,0,3.199,0.0,3.199,10
mandrake,viral,Undirected,instagram,12,0,3.839,0.0,3.839,12
marketingdigital,meme,Undirected,instagram,15,0,4.798,0.0,4.798,15
marketingdigital,midia,Undirected,instagram,1,0,0.32,0.0,0.32,1
marketingdigital,milionario,Undirected,instagram,6,0,1.919,0.0,1.919,6
marketingdigital,mindset,Undirected,instagram,83,0,26.552,0.0,26.552,83
marketingdigital,motivational,Undirected,instagram,20,0,6.398,0.0,6.398,20
marketingdigital,mudancadehabito,Undirected,instagram,17,0,5.438,0.0,5.438,17
marketingdigital,nf,Undirected,instagram,1,0,0.32,0.0,0.32,1
marketingdigital,pix,Undirected,instagram,2,0,0.64,0.0,0.64,2
marketingdigital,podcast,Undirected,instagram,3,0,0.96,0.0,0.96,3
marketingdigital,raul,Undirected,instagram,12,0,3.839,0.0,3.839,12
marketingdigital,reels,Undirected,instagram,6,0,1.919,0.0,1.919,6
marketingdigital,rico,Undirected,instagram,1,0,0.32,0.0,0.32,1
marketingdigital,ruyter,Undirected,instagram,4,0,1.28,0.0,1.28,4
marketingdigital,sucesso,Undirected,instagram,89,0,28.471,0.0,28.471,89
marketingdigital,trampo,Undirected,instagram,2,0,0.64,0.0,0.64,2
marketingdigital,trending,Undirected,instagram,1,0,0.32,0.0,0.32,1
marketingdigital,tropado7,Undirected,instagram,20,0,6.398,0.0,6.398,20
marketingdigital,vendas,Undirected,instagram,5,0,1.599,0.0,1.599,5
marketingdigital,viral,Undirected,instagram,54,0,17.274,0.0,17.274,54
mckelvinho,meme,Undirected,tiktok,0,1,0.0,0.576,0.576,1
mckelvinho,mulherdepreso,Undirected,tiktok,0,2,0.0,1.151,1.151,2
mckelvinho,musica,Undirected,tiktok,0,2,0.0,1.151,1.151,2
mckelvinho,ninoabravanel,Undirected,tiktok,0,5,0.0,2.879,2.879,5
mckelvinho,raul,Undirected,tiktok,0,9,0.0,5.181,5.181,9
mckelvinho,status,Undirected,tiktok,0,1,0.0,0.576,0.576,1
mckelvinho,tiktok,Undirected,tiktok,0,1,0.0,0.576,0.576,1
mckelvinho,tropado7,Undirected,tiktok,0,1,0.0,0.576,0.576,1
mckelvinho,viral,Undirected,tiktok,0,5,0.0,2.879,2.879,5
meme,metodo,Undirected,instagram,17,0,5.438,0.0,5.438,17
meme,milionario,Undirected,instagram,3,0,0.96,0.0,0.96,3
meme,motivational,Undirected,instagram,1,0,0.32,0.0,0.32,1
meme,musica,Undirected,tiktok,0,3,0.0,1.727,1.727,3
meme,ninoabravanel,Undirected,tiktok,0,1,0.0,0.576,0.576,1
meme,plano,Undirected,instagram,17,0,5.438,0.0,5.438,17
meme,policia,Undirected,tiktok,0,1,0.0,0.576,0.576,1
meme,raul,Undirected,ambas,32,6,10.237,3.454,6.846,38
meme,reels,Undirected,instagram,48,0,15.355,0.0,15.355,48
meme,rico,Undirected,instagram,2,0,0.64,0.0,0.64,2
meme,sucesso,Undirected,instagram,21,0,6.718,0.0,6.718,21
meme,tiktok,Undirected,ambas,16,1,5.118,0.576,2.847,17
meme,trampo,Undirected,instagram,18,0,5.758,0.0,5.758,18
meme,trending,Undirected,ambas,2,1,0.64,0.576,0.608,3
meme,tropado7,Undirected,ambas,24,2,7.678,1.151,4.415,26
meme,viral,Undirected,ambas,65,9,20.793,5.181,12.987,74
metodo,plano,Undirected,instagram,17,0,5.438,0.0,5.438,17
metodo,raul,Undirected,instagram,18,0,5.758,0.0,5.758,18
metodo,reels,Undirected,instagram,17,0,5.438,0.0,5.438,17
metodo,sucesso,Undirected,instagram,17,0,5.438,0.0,5.438,17
metodo,trampo,Undirected,instagram,17,0,5.438,0.0,5.438,17
metodo,tropado7,Undirected,instagram,18,0,5.758,0.0,5.758,18
metodo,viral,Undirected,instagram,19,0,6.078,0.0,6.078,19
midia,nike,Undirected,instagram,4,0,1.28,0.0,1.28,4
midia,raul,Undirected,ambas,20,6,6.398,3.454,4.926,26
midia,tiktokshop,Undirected,tiktok,0,6,0.0,3.454,3.454,6
midia,tropado7,Undirected,ambas,5,11,1.599,6.333,3.966,16
midia,viral,Undirected,ambas,8,4,2.559,2.303,2.431,12
milionario,motivational,Undirected,ambas,6,2,1.919,1.151,1.535,8
milionario,musica,Undirected,ambas,1,2,0.32,1.151,0.736,3
milionario,raul,Undirected,ambas,3,1,0.96,0.576,0.768,4
milionario,reels,Undirected,instagram,2,0,0.64,0.0,0.64,2
milionario,rico,Undirected,ambas,11,5,3.519,2.879,3.199,16
milionario,ruyter,Undirected,ambas,2,1,0.64,0.576,0.608,3
milionario,sucesso,Undirected,ambas,16,1,5.118,0.576,2.847,17
milionario,tropado7,Undirected,instagram,7,0,2.239,0.0,2.239,7
milionario,vendas,Undirected,instagram,2,0,0.64,0.0,0.64,2
milionario,viral,Undirected,ambas,10,5,3.199,2.879,3.039,15
mindset,motivational,Undirected,instagram,5,0,1.599,0.0,1.599,5
mindset,oldmoney,Undirected,instagram,2,0,0.64,0.0,0.64,2
mindset,ruyter,Undirected,instagram,1,0,0.32,0.0,0.32,1
mindset,sucesso,Undirected,instagram,82,0,26.232,0.0,26.232,82
mindset,trending,Undirected,instagram,1,0,0.32,0.0,0.32,1
mindset,vendas,Undirected,instagram,1,0,0.32,0.0,0.32,1
mindset,viral,Undirected,instagram,3,0,0.96,0.0,0.96,3
motivational,mudancadehabito,Undirected,instagram,17,0,5.438,0.0,5.438,17
motivational,musica,Undirected,instagram,1,0,0.32,0.0,0.32,1
motivational,oldmoney,Undirected,instagram,1,0,0.32,0.0,0.32,1
motivational,raul,Undirected,tiktok,0,1,0.0,0.576,0.576,1
motivational,reels,Undirected,instagram,3,0,0.96,0.0,0.96,3
motivational,rico,Undirected,ambas,3,2,0.96,1.151,1.055,5
motivational,ruyter,Undirected,instagram,1,0,0.32,0.0,0.32,1
motivational,sucesso,Undirected,instagram,7,0,2.239,0.0,2.239,7
motivational,trending,Undirected,instagram,2,0,0.64,0.0,0.64,2
motivational,tropado7,Undirected,instagram,1,0,0.32,0.0,0.32,1
motivational,vendas,Undirected,instagram,2,0,0.64,0.0,0.64,2
motivational,viral,Undirected,ambas,28,8,8.957,4.606,6.782,36
mudancadehabito,viral,Undirected,instagram,17,0,5.438,0.0,5.438,17
mulherdepreso,ninoabravanel,Undirected,tiktok,0,2,0.0,1.151,1.151,2
mulherdepreso,raul,Undirected,tiktok,0,3,0.0,1.727,1.727,3
mulherdepreso,rico,Undirected,tiktok,0,2,0.0,1.151,1.151,2
mulherdepreso,viral,Undirected,tiktok,0,11,0.0,6.333,6.333,11
musica,ninoabravanel,Undirected,ambas,1,3,0.32,1.727,1.024,4
musica,policia,Undirected,tiktok,0,1,0.0,0.576,0.576,1
musica,raul,Undirected,ambas,5,7,1.599,4.03,2.815,12
musica,reels,Undirected,instagram,3,0,0.96,0.0,0.96,3
musica,rico,Undirected,tiktok,0,1,0.0,0.576,0.576,1
musica,status,Undirected,tiktok,0,2,0.0,1.151,1.151,2
musica,sucesso,Undirected,instagram,1,0,0.32,0.0,0.32,1
musica,tiktok,Undirected,tiktok,0,2,0.0,1.151,1.151,2
musica,trending,Undirected,ambas,2,6,0.64,3.454,2.047,8
musica,tropado7,Undirected,ambas,2,2,0.64,1.151,0.895,4
musica,viral,Undirected,ambas,9,23,2.879,13.241,8.06,32
nf,paz,Undirected,instagram,5,0,1.599,0.0,1.599,5
nf,pessoas,Undirected,instagram,17,0,5.438,0.0,5.438,17
nf,raul,Undirected,instagram,4,0,1.28,0.0,1.28,4
nf,sucesso,Undirected,instagram,16,0,5.118,0.0,5.118,16
nf,tropado7,Undirected,instagram,17,0,5.438,0.0,5.438,17
nf,viral,Undirected,instagram,4,0,1.28,0.0,1.28,4
nike,raul,Undirected,instagram,68,0,21.753,0.0,21.753,68
nike,tropado7,Undirected,instagram,2,0,0.64,0.0,0.64,2
nike,viral,Undirected,instagram,10,0,3.199,0.0,3.199,10
ninoabravanel,raul,Undirected,ambas,14,4,4.479,2.303,3.391,18
ninoabravanel,reels,Undirected,instagram,6,0,1.919,0.0,1.919,6
ninoabravanel,status,Undirected,tiktok,0,1,0.0,0.576,0.576,1
ninoabravanel,trending,Undirected,tiktok,0,1,0.0,0.576,0.576,1
ninoabravanel,tropado7,Undirected,instagram,1,0,0.32,0.0,0.32,1
ninoabravanel,viral,Undirected,ambas,8,12,2.559,6.908,4.734,20
oldmoney,trending,Undirected,instagram,1,0,0.32,0.0,0.32,1
oldmoney,tropado7,Undirected,instagram,1,0,0.32,0.0,0.32,1
oldmoney,viral,Undirected,instagram,1,0,0.32,0.0,0.32,1
paz,pessoas,Undirected,instagram,6,0,1.919,0.0,1.919,6
paz,policia,Undirected,instagram,1,0,0.32,0.0,0.32,1
paz,raul,Undirected,instagram,2,0,0.64,0.0,0.64,2
paz,sucesso,Undirected,instagram,6,0,1.919,0.0,1.919,6
paz,tropado7,Undirected,instagram,5,0,1.599,0.0,1.599,5
pessoas,pix,Undirected,instagram,1,0,0.32,0.0,0.32,1
pessoas,policia,Undirected,instagram,1,0,0.32,0.0,0.32,1
pessoas,rico,Undirected,instagram,1,0,0.32,0.0,0.32,1
pessoas,sucesso,Undirected,instagram,24,0,7.678,0.0,7.678,24
pessoas,tropado7,Undirected,instagram,11,0,3.519,0.0,3.519,11
pix,policiacivil,Undirected,instagram,1,0,0.32,0.0,0.32,1
pix,segurançadigital,Undirected,instagram,1,0,0.32,0.0,0.32,1
pix,sucesso,Undirected,instagram,1,0,0.32,0.0,0.32,1
pix,trampo,Undirected,instagram,1,0,0.32,0.0,0.32,1
pix,tropado7,Undirected,instagram,2,0,0.64,0.0,0.64,2
pix,viral,Undirected,instagram,2,0,0.64,0.0,0.64,2
plano,raul,Undirected,instagram,17,0,5.438,0.0,5.438,17
plano,reels,Undirected,instagram,17,0,5.438,0.0,5.438,17
plano,sucesso,Undirected,instagram,17,0,5.438,0.0,5.438,17
plano,trampo,Undirected,instagram,17,0,5.438,0.0,5.438,17
plano,tropado7,Undirected,instagram,17,0,5.438,0.0,5.438,17
plano,viral,Undirected,instagram,17,0,5.438,0.0,5.438,17
podcast,reels,Undirected,instagram,1,0,0.32,0.0,0.32,1
podcast,viral,Undirected,instagram,5,0,1.599,0.0,1.599,5
policia,policiacivil,Undirected,instagram,5,0,1.599,0.0,1.599,5
policia,raul,Undirected,tiktok,0,1,0.0,0.576,0.576,1
policia,rico,Undirected,tiktok,0,1,0.0,0.576,0.576,1
policia,roubo,Undirected,instagram,3,0,0.96,0.0,0.96,3
policia,segurança,Undirected,instagram,3,0,0.96,0.0,0.96,3
policia,segurançadigital,Undirected,instagram,1,0,0.32,0.0,0.32,1
policia,segurançapública,Undirected,instagram,3,0,0.96,0.0,0.96,3
policia,sucesso,Undirected,instagram,1,0,0.32,0.0,0.32,1
policia,trending,Undirected,tiktok,0,2,0.0,1.151,1.151,2
policia,tropado7,Undirected,instagram,1,0,0.32,0.0,0.32,1
policia,viral,Undirected,ambas,1,2,0.32,1.151,0.736,3
policiacivil,prisão,Undirected,instagram,5,0,1.599,0.0,1.599,5
policiacivil,roubo,Undirected,instagram,1,0,0.32,0.0,0.32,1
policiacivil,segurança,Undirected,instagram,6,0,1.919,0.0,1.919,6
policiacivil,segurançadigital,Undirected,instagram,2,0,0.64,0.0,0.64,2
policiacivil,segurançapública,Undirected,instagram,6,0,1.919,0.0,1.919,6
prisão,segurança,Undirected,instagram,2,0,0.64,0.0,0.64,2
prisão,segurançapública,Undirected,instagram,2,0,0.64,0.0,0.64,2
raul,raulbigode,Undirected,instagram,7,0,2.239,0.0,2.239,7
raul,reels,Undirected,instagram,72,0,23.033,0.0,23.033,72
raul,rico,Undirected,instagram,4,0,1.28,0.0,1.28,4
raul,ruyter,Undirected,instagram,1,0,0.32,0.0,0.32,1
raul,status,Undirected,tiktok,0,1,0.0,0.576,0.576,1
raul,sucesso,Undirected,instagram,19,0,6.078,0.0,6.078,19
raul,tiktok,Undirected,ambas,2,6,0.64,3.454,2.047,8
raul,trampo,Undirected,instagram,22,0,7.038,0.0,7.038,22
raul,trending,Undirected,ambas,18,5,5.758,2.879,4.319,23
raul,tropado7,Undirected,ambas,66,15,21.113,8.636,14.874,81
raul,vendas,Undirected,instagram,12,0,3.839,0.0,3.839,12
raul,viral,Undirected,ambas,201,61,64.299,35.118,49.709,262
raulbigode,tropado7,Undirected,instagram,4,0,1.28,0.0,1.28,4
raulbigode,viral,Undirected,instagram,3,0,0.96,0.0,0.96,3
reels,rico,Undirected,instagram,3,0,0.96,0.0,0.96,3
reels,ruyter,Undirected,instagram,2,0,0.64,0.0,0.64,2
reels,sucesso,Undirected,instagram,18,0,5.758,0.0,5.758,18
reels,tiktok,Undirected,instagram,18,0,5.758,0.0,5.758,18
reels,trampo,Undirected,instagram,17,0,5.438,0.0,5.438,17
reels,trending,Undirected,instagram,13,0,4.159,0.0,4.159,13
reels,tropado7,Undirected,instagram,39,0,12.476,0.0,12.476,39
reels,vendas,Undirected,instagram,3,0,0.96,0.0,0.96,3
reels,viral,Undirected,instagram,115,0,36.788,0.0,36.788,115
rico,ruyter,Undirected,ambas,1,3,0.32,1.727,1.024,4
rico,sucesso,Undirected,instagram,9,0,2.879,0.0,2.879,9
rico,tiktok,Undirected,tiktok,0,1,0.0,0.576,0.576,1
rico,trending,Undirected,tiktok,0,1,0.0,0.576,0.576,1
rico,tropado7,Undirected,instagram,2,0,0.64,0.0,0.64,2
rico,vendas,Undirected,instagram,1,0,0.32,0.0,0.32,1
rico,viral,Undirected,ambas,9,10,2.879,5.757,4.318,19
roubo,tropado7,Undirected,instagram,1,0,0.32,0.0,0.32,1
roubo,viral,Undirected,instagram,2,0,0.64,0.0,0.64,2
ruyter,tropado7,Undirected,tiktok,0,2,0.0,1.151,1.151,2
ruyter,viral,Undirected,instagram,3,0,0.96,0.0,0.96,3
segurança,viral,Undirected,instagram,1,0,0.32,0.0,0.32,1
segurançadigital,viral,Undirected,instagram,1,0,0.32,0.0,0.32,1
status,tropado7,Undirected,tiktok,0,1,0.0,0.576,0.576,1
status,viral,Undirected,tiktok,0,4,0.0,2.303,2.303,4
sucesso,trampo,Undirected,instagram,18,0,5.758,0.0,5.758,18
sucesso,trending,Undirected,instagram,1,0,0.32,0.0,0.32,1
sucesso,tropado7,Undirected,instagram,31,0,9.917,0.0,9.917,31
sucesso,vendas,Undirected,instagram,3,0,0.96,0.0,0.96,3
sucesso,viral,Undirected,ambas,29,4,9.277,2.303,5.79,33
tiktok,trending,Undirected,tiktok,0,3,0.0,1.727,1.727,3
tiktok,tropado7,Undirected,ambas,1,4,0.32,2.303,1.311,5
tiktok,viral,Undirected,ambas,16,19,5.118,10.938,8.028,35
tiktokshop,tropado7,Undirected,tiktok,0,8,0.0,4.606,4.606,8
trampo,tropado7,Undirected,instagram,21,0,6.718,0.0,6.718,21
trampo,vendas,Undirected,instagram,1,0,0.32,0.0,0.32,1
trampo,viral,Undirected,instagram,18,0,5.758,0.0,5.758,18
trending,tropado7,Undirected,tiktok,0,2,0.0,1.151,1.151,2
trending,viral,Undirected,ambas,29,17,9.277,9.787,9.532,46
tropado7,vendas,Undirected,instagram,7,0,2.239,0.0,2.239,7
tropado7,viral,Undirected,ambas,94,33,30.07,18.998,24.534,127
vendas,viral,Undirected,instagram,14,0,4.479,0.0,4.479,14
